"sequence id	m5nr id (md5sum)	dna sequence	semicolon separated list of annotations",,,
"mgm4876246.3|NS500608:271:HWWK7AFXY:1:11305:20041:9373_1_136_-|Subsystems	000e8935e66e67d66699c1374a508133	TCCGAACTGCCGAAGCTCATGCAGGTGAAACTCCTTCGCTTCCTGCAGGAAAGCACTTTTGAAAAAGTCGGCGGTGAAAAAACAACGACCGTCAATATTCGGGTGATCAGCGCCACCAACAAGGACCTCAAG	accession=[SS15500]",function=[Response regulator of zinc sigma-54-dependent two-component system],,
"mgm4876246.3|NS500608:271:HWWK7AFXY:1:21103:25014:10222_1_127_+|Subsystems	00356ff31b0a5c94040a186483b78ae5	TGGGCAGGCCTATCCGGGAATCTGATGAGTCTGGGAGCAATCGACTTCGGATTGATCGTGGACGGTTCTGTGGTGATGGTGGAAAACCTGATTCGACGGGCATCCGAGTTTGCCAAGTCGCAG	accession=[SS03256]",function=[Cation efflux system protein CusA];accession=[SS03261],function=[Cobalt-zinc-cadmium resistance protein];accession=[SS03262],function=[Cobalt-zinc-cadmium resistance protein CzcA]
"mgm4876246.3|NS500608:271:HWWK7AFXY:1:11307:9048:11389_1_137_+|Subsystems	0046218fa97a025b09f94ff0e5e6ae6b	GTGTGTATGTTATTTTTGTTTCATATTCGCTCTTCATTAGTGGCAATTGTTACCTTGCCAATTGGTATTCTAGTATCGTTTTCAATCATGTATTTTCAAGGGATTAATGCCAACATTATGTCCCTAGGTGGTATT	accession=[SS03256]",function=[Cation efflux system protein CusA];accession=[SS03261],function=[Cobalt-zinc-cadmium resistance protein];accession=[SS03262],function=[Cobalt-zinc-cadmium resistance protein CzcA]
"mgm4876246.3|NS500608:271:HWWK7AFXY:1:11307:9783:9212_1_95_+|Subsystems	0046218fa97a025b09f94ff0e5e6ae6b	TTTTTTGTGCTGCTGGCCACCCTGATTCTGGTAGGGGTCGGAGGTTGGTCCCTGAAAAACACGCCGGTAGATGCCATTCCCGATTTGTCGGAC	accession=[SS03256]",function=[Cation efflux system protein CusA];accession=[SS03261],function=[Cobalt-zinc-cadmium resistance protein];accession=[SS03262],function=[Cobalt-zinc-cadmium resistance protein CzcA]
"mgm4876246.3|NS500608:271:HWWK7AFXY:1:21208:18544:2647_1_143_-|Subsystems	004b6873eba5a372e0257f6445313095	TTACTGGCTCGCCAGCCTTTCGCCGCACCGCAACTGGATGAAGTGATACTCGGTTGTGTCATGCCGGGCCCGGACGAGGCGAATATTGCGGAATTGCTGCGCTGCGACTGGGATGTGGCGACCGTGACCTGCCATGAC	accession=[SS08211]",function=[Acetyl-CoA acetyltransferase (EC 2.3.1.9)],,
"mgm4876246.3|NS500608:271:HWWK7AFXY:1:21107:6745:9555_1_132_+|Subsystems	0093a275d18ff43db0104f8abdbd0fb8	TTTTGTATGAGTGGGATCGGCGCCTGGTTGATAGGCAGGTATGGCCACCATCTTGAATTATTAGACAAACCAAATGAACGCAGCTCTCATCGAACTGCCACACCAAAGGGGGGCGGCATCGGTATCCTG	accession=[SS08109]",function=[Undecaprenyl-phosphate N-acetylglucosaminyl 1-phosphate transferase (EC 2.7.8.-)],,
"mgm4876246.3|NS500608:271:HWWK7AFXY:1:21110:6854:14370_1_131_+|Subsystems	00a2e230767a7aebb667ea11577dad4b	TCATATACTACACGTGCCAAGCGCCGTGGAGAGCGGGAAGGTATTGACTATCATTATGTCAGTCACGATACCTTTAAAGAGATGATCGAGGATGATCAGTTTATTGAGCATGCTGAGGTATTTGGTAAT	accession=[SS08214]",function=[Guanylate kinase (EC 2.7.4.8)],,
"mgm4876246.3|NS500608:271:HWWK7AFXY:1:11305:8834:19562_1_140_-|Subsystems	01261bf2490e5fdfc92fd1d4d23daf47	CCGACGGCGTTCGTCGAACAATCCATCGACGAGGTCTTCACAACGCTTTGGCTGGCGGGAGCGTTGGTCATTCTGACGGTGTTCATCTTCCTCCAGAACTGGCGATCAACCATTGTACCCGTGATCGCGATCCCCATC	accession=[SS08208]",function=[Multidrug efflux transporter MexF],,
"mgm4876246.3|NS500608:271:HWWK7AFXY:1:11307:20691:6373_1_142_-|Subsystems	01a1051cd61a70e0a6ba87859d2915a1	CTGTACCGCATGGCGTTCGCCGGTTTTACCATGATGAACCTGCTGTGGATTTCCATCGCCCTGTACAGCGGCGCCGACCGCGGCGAGTTCCGCTCGCTATTTCATTGGGTGGGGTTTGCGCTGGCCACTCCGACGCTGCTC	accession=[SS04009]",function=[Copper-translocating P-type ATPase (EC 3.6.3.4)];accession=[SS01687],function=[Copper-translocating P-type ATPase (EC 3.6.3.4)],
"mgm4876246.3|NS500608:271:HWWK7AFXY:1:11207:8460:12214_1_102_-|Subsystems	01a3d3462ef160ca5f3ff6184da6137e	AATGAACTGGTTGCCGACCAGGCACCATTCGCCATCATATTGGGCTGCTCCGATTCACGGGTTCCCGCTGAAATCGTCTTCGATCAGGGGGTGGGAGAC	accession=[SS01235]",function=[Carbonic anhydrase (EC 4.2.1.1)],,
"mgm4876246.3|NS500608:271:HWWK7AFXY:1:21104:16601:20236_1_141_+|Subsystems	01fb6580bc833a9d8d9f12d431537029	CTGCCACTGGCGCTAACCGGAGGCTTCTGGCTGCTTTATTTACTGCAATACAATATGTCAGTGGCTGTCGGTGTTGGCTTCATTGCGCTGGCCGGTGTTGCAGTTGAGATAGGCGTGGTGATGCTGGTCTATCTGAAC	accession=[SS03256]",function=[Cation efflux system protein CusA];accession=[SS03261],function=[Cobalt-zinc-cadmium resistance protein];accession=[SS03262],function=[Cobalt-zinc-cadmium resistance protein CzcA]
"mgm4876246.3|NS500608:271:HWWK7AFXY:1:21206:12529:9972_1_125_+|Subsystems	01fb6580bc833a9d8d9f12d431537029	TACCAGATCGTGCTGGATGTCAGCCGCATGCGCGCCTACGGTCTGCCACTGGATCGCATCGTCCGCGCGGTGCGTGATGGAAACCAGGAGGTTGGCGGGTCGGTCATCGAACTTGCGGAAGCC	accession=[SS03256]",function=[Cation efflux system protein CusA];accession=[SS03261],function=[Cobalt-zinc-cadmium resistance protein];accession=[SS03262],function=[Cobalt-zinc-cadmium resistance protein CzcA]
"mgm4876246.3|NS500608:271:HWWK7AFXY:1:11305:11116:16644_1_123_+|Subsystems	0212aaa7aa35c7e9d0075d262f045be1	TACCAGGTCTATGCCGGCACCGCGGCGCCCATCAATTTCAACGGCCTCGTTCGCCAGTACTACCTGCGTACTGGCGGCAACGTGGGTGACATCCAGGTCAACCTCGTCGACAAGGACGAT	accession=[SS08277]",function=[Acriflavin resistance protein],,
"mgm4876246.3|NS500608:271:HWWK7AFXY:1:21312:22644:16828_1_113_+|Subsystems	0212aaa7aa35c7e9d0075d262f045be1	AATGTTACCTTTGCAAATATTTTTATTTCATACCCTGGTGCGTCTGCCAAAGAAGTAGAAGAAATCGTTAGTACACCTGCTGAGCAAATTATTTCAGAACTCGAAGGGCTG	accession=[SS08277]",function=[Acriflavin resistance protein],,
"mgm4876246.3|NS500608:271:HWWK7AFXY:1:21208:26363:11112_1_123_-|Subsystems	0214849f4f692d48b07d5a98fcf23186	CTCTTCACCCCTCAATATTACAACGAGGTTCCACTGATTGTTCAACAGGCAAAAGACCTGGGCTGGAAAGGTCCGATCGTGGGCAGTGACAGCTGGGGTTCCACTGAAACGGTAAAACTC	accession=[SS03076]",function=[mino acid-binding protein (TC 3.A.1.4.1)],,
"mgm4876246.3|NS500608:271:HWWK7AFXY:1:11312:9022:9682_1_131_-|Subsystems	0234e81ca0eb210570db99f2dc0ddec7	CTGATAGGCATGATTCTGAAGAATGGGATCGTGCTGATCGATCAGGTCATGGCTGAACTGGAGGCGGGTAAAGACACCTACAACGCCGTTCGCGACAGTGCTATCAGCCGTATGCGACCAGTATCCATG	accession=[SS08277]",function=[Acriflavin resistance protein],,
"mgm4876246.3|NS500608:271:HWWK7AFXY:1:21301:8047:11112_1_144_-|Subsystems	026de6096b9debcc3743830b5abfd794	TCGGTACACGCATTCGCTACCGATCCAACACGTGGATTCTTCATTCTTACGTTTCTTGCGGTCGTAGTTATAGGTGCCCTGCTGCTGTATGCGTGGCGCGCGCCGTCGCTGGATTCTGACGTAGGGTTCGGGCTGCTATCC	accession=[SS04011]",function=[Cytochrome c heme lyase subunit CcmF],,
"mgm4876246.3|NS500608:271:HWWK7AFXY:1:21306:19811:13531_1_130_-|Subsystems	026df718f2f04208e09da170f907eebc	GAAATATTTGGTCCCGAAATGTTACCCTTGGCGGGTGCGGCGGGTGCGGTTATCGCAACACTTTTTACTTTTCTGCCGTCCTTCCTGTTTATATTGCTGGGCGGCCCCGCAGTAGAAGCAACAAGA	accession=[SS11041]",function=[Chromate transport protein ChrA],,
"mgm4876246.3|NS500608:271:HWWK7AFXY:1:11103:14700:10210_1_114_+|Subsystems	02bd0e41624960c88ef8f0c93f741a3a	GTAATAGGAGCCCGGCCTCAATTTATCAAAGCTGCAGCTGTCTCACGAGCATTAAAAGAAAAAAGCATTAATGAAGTAATATTACATACCGGTCAGCATTTTGACTATAAT	accession=[SS12782]",function=[UDP-N-acetylglucosamine 2-epimerase (EC 5.1.3.14)],,
"mgm4876246.3|NS500608:271:HWWK7AFXY:1:11202:9426:3662_1_125_-|Subsystems	031752a88d31cece30b6cdaa234b0e8a	TACAGCAAGTACAACTTTGCCCGGACTTTCGTCTCCCAGGAGCAAACGATCGGAGGCAGCAGGGCAGGGGGACTCCCGGTACAGTTTGTCATCCAGGCCCCTGACTTCGAGCGGCTCAAA	accession=[SS08277]",function=[Acriflavin resistance protein],,
"mgm4876246.3|NS500608:271:HWWK7AFXY:1:11109:8988:7562_1_144_+|Subsystems	03d920ecdb0b70c63b8503fd7e5dab98	TATCATCCTCATGGCGACAGCGCCTGTTATGAAGCCATGGTGTTGATGGCGCAGCCATTCTCATACCGCTATCCGCTGGTCGACGGCCAGGGTAACTGGGGGGCGCCTGATGATCCTAAATCGTTTGCTGCGATGCGCTAT	accession=[SS11048]",function=[Topoisomerase IV subunit A (EC 5.99.1.-)],,
"mgm4876246.3|NS500608:271:HWWK7AFXY:1:11207:24336:12237_1_125_+|Subsystems	03d920ecdb0b70c63b8503fd7e5dab98	TACGAAGCCATGGTGCTCATGGCCCAGCCCTTTTCATACCGCTACCCCCTGGTGGACGGCCAGGGTAACTGGGGCTCCCCCGATGACCCCAAATCCTTTGCTGCCATGCGCTACACCGAA	accession=[SS11048]",function=[Topoisomerase IV subunit A (EC 5.99.1.-)],,
"mgm4876246.3|NS500608:271:HWWK7AFXY:1:11207:8529:17037_1_132_+|Subsystems	044157575412f7c5e89aa10bbbf9e02c	ATCCGCGTTGTGATCGAGCTCAAGAAGGGCACGAACTCGCAGGTGATGCTGAACACGCTTTACAAGAACACCCAGATGCAGGAAACGTTCGGGATCATCATGCTGGCGGTGGTGGGACGCCAACCCAAG	accession=[SS11045]",function=[DNA gyrase subunit A (EC 5.99.1.3)],,
"mgm4876246.3|NS500608:271:HWWK7AFXY:1:21106:20590:4678_1_135_-|Subsystems	0443c1ddb7f6731cd681852145211916	GCCAAAATCATATTGACCGATTCCGGCGGCATCCAGGAAGAATCCACCTCCCTCGGCGTTCCATGCCTCACATTGCGAGAAAACACCGAACGTCCCATCACCGTCACCGATGGCACCAACACCATCGTTGGT	accession=[SS12782]",function=[UDP-N-acetylglucosamine 2-epimerase (EC 5.1.3.14)],,
"mgm4876246.3|NS500608:271:HWWK7AFXY:1:21112:24538:3774_1_137_+|Subsystems	04ab2588a14066cde28f9baf2bf61325	CGACCCTGGATTGCCGTGCAGGTTGGCAACGATGTCACGGTCGGGCATGCGGCGGTGGTGCATGGTGCGACCGTTGGCGACGGAGCGATGATCGGCATTCGTGCCGTTGTGCTCAATGGTGCTTCGGTCGGC	accession=[SS01235]",function=[Carbonic anhydrase (EC 4.2.1.1)],,
"mgm4876246.3|NS500608:271:HWWK7AFXY:1:21108:20644:17941_1_144_+|Subsystems	04b0b6cae04c32d3cb24ee6e9b286887	CACCTCGTCTGGGAAGTCGTCGACAACGCGGTCGACGAAGCGCTCGCTGGCTTCTGCACCGACATCACGGTGCGCCTGCACGAAGACGGCTCCTGCTCGGTGACCGACAACGGGCGCGGCATCCCGGTGGACATCCACGAG	accession=[SS11046]",function=[DNA gyrase subunit B (EC 5.99.1.3)],,
"mgm4876246.3|NS500608:271:HWWK7AFXY:1:11212:15779:3286_1_105_+|Subsystems	0505f965bb4e6bc1bb24e1064aae67c4	CAATTGTTCAACGAAATGCGTAGAAGAAAGAATAGATATGGTATGGTAACCGCTTGCGTAGGTGGCGGACAAGGTATGGCGGGAATCTATGAATTTTTAGAT	accession=[SS08211]",function=[Acetyl-CoA acetyltransferase (EC 2.3.1.9)],,
"mgm4876246.3|NS500608:271:HWWK7AFXY:1:21202:26365:15851_1_118_-|Subsystems	0522124d784680a6f43e5ad4f64c2f5c	CCTTTAGGTTATTCTAAAACAAAATTTTCTGCTGTTAGATTTGGAAATGTTCTAAATTCAGACGGCTCAGTGATTCCAATTTTTAAAAGGCAGATTAGAGAAGGTGGTCCTGTAACA	accession=[SS03094]",function=[UDP-N-acetylglucosamine],,
"mgm4876246.3|NS500608:271:HWWK7AFXY:1:21111:12646:11701_27_138_+|Subsystems	052c2f930f4942bc3493e983d380d5bb	GTGGCCTATGTCTACAGCATGGCCGTCCTTGTCCTTGGCACAAGCGAAGCCTTTTTCTGGGAATTGGTAACGCTGATTGACGTCATGCTCCTGGGTCACTGGTTAGAG	accession=[SS01687]",function=[Copper-translocating P-type ATPase (EC 3.6.3.4)];accession=[SS04009],function=[Copper-translocating P-type ATPase (EC 3.6.3.4)],
"mgm4876246.3|NS500608:271:HWWK7AFXY:1:11312:24670:3073_1_108_-|Subsystems	053dc3a2df000664112108af7afa460f	ATGAACAGCCTGGTGATGACCGGCACCGGCGCCGCCTGGGGATACAGCATGATGGTGCTGCTGGCACCCGGCCTGTTCCCGCCAGATGCCAGGCATATCTATTTC	accession=[SS04009]",function=[Copper-translocating P-type ATPase (EC 3.6.3.4)];accession=[SS01687],function=[Copper-translocating P-type ATPase (EC 3.6.3.4)],
"mgm4876246.3|NS500608:271:HWWK7AFXY:1:11208:21324:10695_1_142_+|Subsystems	056cbed10ef4f0597af64dec5df61138	GGTAAGTTTGGAGGTGATGATTCCGGCTATAAGGTTTCCGGAGGTTTACATGGTGTTGGTGTTTCTGTTGTCAATGCTCTATCCACCAAGTTAGTAGCAGAGGTGCGAAGAGACGGCAAGATATTCCGCCAGGAATAT	accession=[SS11046]",function=[DNA gyrase subunit B (EC 5.99.1.3)],,
"mgm4876246.3|NS500608:271:HWWK7AFXY:1:21201:19650:19658_13_130_-|Subsystems	0591a73d03bde29ce5a86063672c72fa	AACAGTGACGATCTAGACTCTGATGGAGATGGAATTCCTGATGGGGCAGATAAATGTCCTTATCTACCAGAAGATTTTAATGGCATCGATGACCTCGATGGCTGCCCAGAAATA	accession=[SS03085]",function=[Flagellar motor rotation protein MotB],,
"mgm4876246.3|NS500608:271:HWWK7AFXY:1:21108:14041:16417_1_105_-|Subsystems	05c1a88065b9ed570badec82a0af6a34	GCCGTTCGGGTCCATGAAGACGATGAGGCGATGCTGATCACAGATGGAGGGACCCTGGTGCGCATCCGGGTTGCCGACGTATCGCAGATGGGACGCGACACA	accession=[SS11045]",function=[DNA gyrase subunit A (EC 5.99.1.3)],,
"mgm4876246.3|NS500608:271:HWWK7AFXY:1:11106:2678:10231_1_132_-|Subsystems	0694578488331d9294b4f8b68673b0bd	ATTGGAGCGATCCTGCTGATCGGGTTATCGGCCAAAAATGGCGTTTTGATCGTCGAGTTTGCCAACCAGCTACGCGATCGGGGTGCTGAATTCAGCCAGGCGGTCATCGAAGCTGCTGCCGTGCGTATG	accession=[SS08277]",function=[Acriflavin resistance protein],,
"mgm4876246.3|NS500608:271:HWWK7AFXY:1:11311:8649:15088_1_93_+|Subsystems	06a311257129700b5136f941e5adb752	GTTGATGATGCAATCGTTGTTGGAGAAAATATCTATTCACATTTCGAAAAAGGAAAACCACCTTTTAAAGCAGCTCTTGATGGAATGATG	accession=[SS08277]",function=[Acriflavin resistance protein],,
"mgm4876246.3|NS500608:271:HWWK7AFXY:1:21112:23056:3746_1_140_+|Subsystems	06c9ff9ea81dd6209ed18ebc91c3eba9	CTTAGACTTCGCCCGATTTTAATGACGACACTCACAACAGTGTTCGGAATGATGCCATTAGCACTTGGCCTGGGCCGAGGTTCAGAGATGTTGCAACCTCTTGCTATCGTGCTGGTATGGGGACTATTCTTTTCAATG	accession=[SS03256]",function=[Cation efflux system protein CusA];accession=[SS03261],function=[Cobalt-zinc-cadmium resistance protein];accession=[SS03262],function=[Cobalt-zinc-cadmium resistance protein CzcA]
"mgm4876246.3|NS500608:271:HWWK7AFXY:1:21312:17564:9137_1_97_-|Subsystems	06dd53847c1d3419f1816af5d44df9a9	CTATTCGTAGGGGATGGAATAAATGATAGTCCAGCTTTAGCACAAGCAGATATTGGAATAGCAATAGGATCAGGTTCAGACGTTGCTATTGAA	accession=[SS04009]",function=[Copper-translocating P-type ATPase (EC 3.6.3.4)];accession=[SS01687],function=[Copper-translocating P-type ATPase (EC 3.6.3.4)],
"mgm4876246.3|NS500608:271:HWWK7AFXY:1:21306:25500:2124_1_122_+|Subsystems	06eac9881294e3dd75aac735dc2da433	CTTGAACAAGCCAAACAACGCTTTGAAGTCGGCCTGATTGCGATTACCGATGTGCAGGAATCCCAGGCAGCCTATGACCAGTCTGTGGCCTCGGAGATCGCCGCGAAACGAGTACTG	accession=[SS08296]",function=[olC precursor],,
"mgm4876246.3|NS500608:271:HWWK7AFXY:1:11107:24348:11248_1_101_+|Subsystems	073f952eff584995f6b8f3685b052f3e	CTTATATACCTTGTACTAAGTGCTCAATTCGAAAGTTTCATTGATCCACTAATAATAATGTTTACAGTTCCTCTGGCTGTAGCAGGGGCACTGTTA	accession=[SS08277]",function=[Acriflavin resistance protein],,
"mgm4876246.3|NS500608:271:HWWK7AFXY:1:11112:18546:9185_1_144_+|Subsystems	0751b6eed1b4567bdb0b10cba7a8ae79	CGTTATGGGGCTTTAACACAAGATGGTGAAGGTGAAGTAGTCGGTGGCCTGGTAATGATGCTTAAAGGTGCAAATTCCAATGAAGTCATAGACAATGTAAAAGAAAGAATGAAGCAAATTCAACAGTCATTACCCGAAGGT	accession=[SS03256]",function=[Cation efflux system protein CusA];accession=[SS03261],function=[Cobalt-zinc-cadmium resistance protein];accession=[SS03262],function=[Cobalt-zinc-cadmium resistance protein CzcA]
"mgm4876246.3|NS500608:271:HWWK7AFXY:1:11203:24738:1197_1_130_+|Subsystems	0751b6eed1b4567bdb0b10cba7a8ae79	ATTAGCAGGGACAATACGAATCGTAGAACCTATGTCGGCATCAACGTGAGAGGTCGAGATATTAAAACTTTGGTAGAGGAAATTCAACAAAAACTGAATGCGCAGCTTGAATTACCTCCAGGTTAT	accession=[SS03256]",function=[Cation efflux system protein CusA];accession=[SS03261],function=[Cobalt-zinc-cadmium resistance protein];accession=[SS03262],function=[Cobalt-zinc-cadmium resistance protein CzcA]
"mgm4876246.3|NS500608:271:HWWK7AFXY:1:21307:25295:19106_1_143_-|Subsystems	0751b6eed1b4567bdb0b10cba7a8ae79	GGTATTGGTGATATGAAAGCTGAAGCAACAACAGGGCTGCCGCAAATGACAATTAATTACGACAGAGATAAATTAGCACAATACGGACTTCATATTAATACCTTAAATAAGACTGTACAATCAGCATTTGCTGGAGGAATA	accession=[SS03256]",function=[Cation efflux system protein CusA];accession=[SS03261],function=[Cobalt-zinc-cadmium resistance protein];accession=[SS03262],function=[Cobalt-zinc-cadmium resistance protein CzcA]
"mgm4876246.3|NS500608:271:HWWK7AFXY:1:11203:8122:3841_1_134_+|Subsystems	075aac6d65816c27e576583137fb5f12	ACCATCTCCCGCGTGACAACACGGAAGTTCATGCACACGCCGCGCGGGATCTACGAATTCAAGTATTTCTTTTCCAGTCATGTCAGCACAGAGACCGGTGGTGAGTGTTCTGCGACGGCCATACGCGCCATC	accession=[SS03091]",function=[RNA polymerase sigma-54 factor RpoN],,
"mgm4876246.3|NS500608:271:HWWK7AFXY:1:21206:17087:15517_1_93_+|Subsystems	075aac6d65816c27e576583137fb5f12	CCCCGGGGCATCTACGAACTGAAATTTTTCTTCTCCAGCCACGTTGCCACCACCGCCGGGGGCGAGTGCTCGTCCACGGCGATCCGCGCC	accession=[SS03091]",function=[RNA polymerase sigma-54 factor RpoN],,
"mgm4876246.3|NS500608:271:HWWK7AFXY:1:21112:26583:4666_1_84_-|Subsystems	0778329522f1e60c9e8c499894c38ab2	CTGGGTTATGGTCAGAATCCGGCAAAACAGGCAGCTGTCCAGGCCGGGATGCCTTGGGAGGTTGAGTGCTTCACCATTAAC	accession=[SS08211]",function=[Acetyl-CoA acetyltransferase (EC 2.3.1.9)],,
"mgm4876246.3|NS500608:271:HWWK7AFXY:1:11203:18236:14420_1_122_-|Subsystems	07c70b7e8629578105f03fdfd2c5d504	TTTATCGAGAGCATGTTCGTGGCCAGCACCCACGATACCATCCTCTGCTTCTCCAGTCGGGGCCGGGTCTACTGGCTCAAGGTCTACGAACTGCCACAGGCTGGGCGCGCGGCGCGTGGC	accession=[SS11045]",function=[DNA gyrase subunit A (EC 5.99.1.3)],,
"mgm4876246.3|NS500608:271:HWWK7AFXY:1:11209:22238:11302_1_111_+|Subsystems	07c86943cec272c1574988f815128f7b	ATCGTTGAGACCGTGGACACGAATTCCATTCGTCGCGTCGATGGCCGGCGCATGGTGACGCTCAGCATCATTCCACCGGAGGCCGTCGCACTGGAAACCGCGGTGCAG	accession=[SS08277]",function=[Acriflavin resistance protein],,
"mgm4876246.3|NS500608:271:HWWK7AFXY:1:21108:22981:5173_1_135_+|Subsystems	07f2015300569d08aa3bed42ea70f694	GCCTACACGACGGGGCGTGGCGGAATCCAGATGCGTGCCAGGGCACAGATCGAGACCCAGCGCCGCGGCGACCGCCAGTCGATCGTGGTGACCGAGATTCCCTATCAGGTCAACAAGGCGAAGTTGTTGGAA	accession=[SS11045]",function=[DNA gyrase subunit A (EC 5.99.1.3)],,
"mgm4876246.3|NS500608:271:HWWK7AFXY:1:11107:17561:18570_1_95_-|Subsystems	0824a42c023cedf1b6c51638d39aac2c	GTTAAGCAGGATCCGGCGGTTATTAACTACCAGATATATGCAGGGACAGCTTCTCCGTATAACTTTAACGGTCTTGTACGCCATTATTTCATG	accession=[SS08277]",function=[Acriflavin resistance protein],,
"mgm4876246.3|NS500608:271:HWWK7AFXY:1:21107:13476:10000_1_143_-|Subsystems	0899975d2c868ef4ced8e08ae75cf1b6	TTTAATATTGGGCGCTTGCGGTATCACAAAATAATTGTTATGGCGGACGCTGATGTTGACGGCTCACATATCCGAACACTTCTTTTAACCCTTTTGTACCAGCACATGCAGGAATTGATAGATGCCGGGCATGTGTATATC	accession=[SS11046]",function=[DNA gyrase subunit B (EC 5.99.1.3)],,
"mgm4876246.3|NS500608:271:HWWK7AFXY:1:21307:25191:6478_1_112_-|Subsystems	08b4b3a62692ed7aed35ad771bb912cd	ATGGCGCTCCAGGGCATCCCCGAGGTGGAAACCGTTGTCGGGAAGATCGGCCGCGTGGACAGTCCCCTGGATCCCGCCCCGCTATCCATGATCGAAACCGTCGTGCAG	accession=[SS03256]",function=[Cation efflux system protein CusA];accession=[SS03261],function=[Cobalt-zinc-cadmium resistance protein];accession=[SS03262],function=[Cobalt-zinc-cadmium resistance protein CzcA]
"mgm4876246.3|NS500608:271:HWWK7AFXY:1:11303:8365:9278_1_123_-|Subsystems	095c3ec1dbe20ab01beb776f8866a88c	GACAGTGCCAGTGTGATCGAGCGCCGCATGCGTGATGCCCGCGCAGAAATCTCCCATTGGGCTGAATTTGACCAGTTGGTCGTCAACGATGACTTTGACGCAGCACTTGAAGAACTGCTC	accession=[SS08214]",function=[Guanylate kinase (EC 2.7.4.8)],,
"mgm4876246.3|NS500608:271:HWWK7AFXY:1:11102:25262:6764_1_114_-|Subsystems	0983aa5f87b769c8fcd94d0d27aebec3	GTCATGATTGCACCACCTTTCACAGCCCTTTCAGCCGTATCAGACATTTTACACGATTCGAATGTTATCCTGGCCTCACAGAACATCTGCTGGGAGGAAAAAGGGGCTTTC	accession=[SS08217]",function=[Triosephosphate isomerase (EC 5.3.1.1)],,
"mgm4876246.3|NS500608:271:HWWK7AFXY:1:21102:2844:1504_1_124_-|Subsystems	09d2908504697429d3ea24b699fb3ead	ATTGCCCTGGCCATCGGCGTCGAGCCGGGCTCTGTCGATATGAAGAACCTGCGCTATGGCAAGATCTGTATACTGGCCGACGCCGATTCTGACGGTGCCCATATAGCCACTCTGCTGTGT	accession=[SS11049]",function=[Topoisomerase IV subunit B (EC 5.99.1.-)],,
"mgm4876246.3|NS500608:271:HWWK7AFXY:1:21109:22693:10556_1_106_-|Subsystems	09d2908504697429d3ea24b699fb3ead	CGCATGACCGACCCGCAGTTCTCCGGTCAGACCAAGGAACGTCTGTCATCGCGGGAAGCGGCCGGTTTCGTTGCCGGTGCAATCAAGGATTCATTCAGCCTGTGG	accession=[SS11049]",function=[Topoisomerase IV subunit B (EC 5.99.1.-)],,
"mgm4876246.3|NS500608:271:HWWK7AFXY:1:21107:4526:10400_1_141_-|Subsystems	09d9520111a604628721e7226f01f20b	AACACACCACAGGAAAAAACACTCGACAGGATGAACATAGCAGAAGCCAGGAAATATTTAAAGCAAGGGCAGTTTGCTGAAGGCAGTATGGCTCCGAAAATAAGGGCCGCGGTTGATTTTGTTGAAAATACAGGTAAA	accession=[SS08212]",function=[Carbamate kinase (EC 2.7.2.2)],,
"mgm4876246.3|NS500608:271:HWWK7AFXY:1:11304:14314:11205_1_126_+|Subsystems	0a69f87ccabd14470a089d8a655d044e	GAACTCTACCGCGGTATGGCTGCTGTCATCGTTGGCGGCATGAGTGTGTCGACAGTATTTACCCTGATACTGCTGCCGGCGCTGTTGAGGATTGGAGAAGATAAGTGCTTAAGTTCTAAGGTT	accession=[SS08277]",function=[Acriflavin resistance protein],,
"mgm4876246.3|NS500608:271:HWWK7AFXY:1:11312:17566:5378_1_103_-|Subsystems	0acd01e983962b5ef7423a35bbdbc8c6	AAACTCGAAATCTGTGTAGACAACTATGAATCCCTGGCTACCGCTGTGCAGCATGGAGCAGACCGCATCGAGTTATGTGCCAGTCTGCGGGAAGGCGGC	accession=[SS03991]",function=[Cytoplasmic copper homeostasis protein cutC],,
"mgm4876246.3|NS500608:271:HWWK7AFXY:1:11212:18085:7190_1_127_-|Subsystems	0b12fa7f1ae5408223642012c5c86f46	GATATTCTGGTTGTGAATGGAGTCGGCGGTGTGTCGACCGATGTTGTCGTGCCGGAAGGGCACTATTTTGTTATGGGTGACAACCGCGACAACAGCAATGACAGCCGTTACTGGGGCTTTGTA	accession=[SS12797]",function=[Signal peptidase I],,
"mgm4876246.3|NS500608:271:HWWK7AFXY:1:21302:13751:7900_1_127_+|Subsystems	0b26e4505ebdb1bbc7a329afb030ce11	CTGCGCGATCAGCTTGGACTCTTTGACGATAATCGTCAAACGCAGACCATCGCTCTTTCTCTTGAAAACACGAATGGTGTTTATGTGGTTCCAGCCTTCAGCGGTCTAGGCGCTCCGTACTGG	accession=[SS08213]",function=[Glycerol kinase (EC 2.7.1.30)],,
"mgm4876246.3|NS500608:271:HWWK7AFXY:1:21310:8914:19092_1_131_+|Subsystems	0b2a6868d57152c5b0f12a80e7860e17	GCGCAGGATGCGGTGGCTAGAAACGTGGATCTTCCGTCGGGATACTGGATAGAGTGGGGTGGACAGTTTGAGAATTTGCAGAGAGCCTCCACCCGCCTTGCCATCGTAGTTCCGATGGCCCTGTTCTTG	accession=[SS03256]",function=[Cation efflux system protein CusA];accession=[SS03261],function=[Cobalt-zinc-cadmium resistance protein];accession=[SS03262],function=[Cobalt-zinc-cadmium resistance protein CzcA]
"mgm4876246.3|NS500608:271:HWWK7AFXY:1:11201:5950:13523_1_92_+|Subsystems	0b41d22d7472fd6e0651ed5773dd5e35	ATCATGCCGTTGCGCGGTAAAATATTGAATACCTGGGAAGTCGATTCTGCAGAGGTACTAGGCTCACAGGAGGTGCATGATATCTCG	accession=[SS11049]",function=[Topoisomerase IV subunit B (EC 5.99.1.-)],,
"mgm4876246.3|NS500608:271:HWWK7AFXY:1:21103:16354:9469_1_132_+|Subsystems	0b41d22d7472fd6e0651ed5773dd5e35	TTTAGTGAAGGTGGTGAATTAACTCAAGAGAGCTATGTTAACCTGATTCCTACCGCGCAAGGTGGTACGCATGTTAATGGCTTAAGAACAGGCCTTCTTGATGCAATGAGAGAATATTGTGAATTTCGT	accession=[SS11049]",function=[Topoisomerase IV subunit B (EC 5.99.1.-)],,
"mgm4876246.3|NS500608:271:HWWK7AFXY:1:21102:22714:15733_1_131_-|Subsystems	0b9650d917b194ce6d1e2dc7078d155e	CAATTACATATCATACACAGCGGACTTTTTAAACTTGACGGAGGAGCGATGTTCGGGGTGGTTCCTAAATCATTATGGTCACGCACCAATCCTGCTGATGAAAATAACCTATGTACCTGGTCCATG	accession=[SS01494]",function=[Beta-lactamase],,
"mgm4876246.3|NS500608:271:HWWK7AFXY:1:21103:10372:14010_1_96_-|Subsystems	0b9650d917b194ce6d1e2dc7078d155e	AATTTTAAACTCGATGGAGGTGCAATGTTTGGTGTCGTTCCAAAGTCAATTTGGCAAAGAACAAATCCAGCAGATAGTAATAATATGTGTTCA	accession=[SS01494]",function=[Beta-lactamase],,
"mgm4876246.3|NS500608:271:HWWK7AFXY:1:11307:1925:12137_1_120_+|Subsystems	0bb780fdc1c147675c469ed75eacff32	ATTATTGTGCCCATGGCGGATGTCCTCGTGGCCGCTCCCGGGCTTAGCGCGGAGCAGGTGGAGCGTCAGATTGCCACCCCCCTGGAAAAAATCCTCTATCAAATCGACGGTGTCGAG	accession=[SS08277]",function=[Acriflavin resistance protein],,
"mgm4876246.3|NS500608:271:HWWK7AFXY:1:21210:8922:6325_1_109_-|Subsystems	0bb780fdc1c147675c469ed75eacff32	TTTACGGCCACCGCCATGATTGGCATCATCGCCCTGGCCGGTATCGTGGTGAGAAACTCGCTGATCCTGGTCGAGTTCATCCACATGGCCCTGCGCGAGGGCAAG	accession=[SS08277]",function=[Acriflavin resistance protein],,
"mgm4876246.3|NS500608:271:HWWK7AFXY:1:21302:24602:15666_1_134_-|Subsystems	0c3844948bb8cd43df775e1a4de4672d	TCGGGATTGGGCCAAATTTTTCAGTATATCTTACGCGCCGATAATCCCGAGCAATATGACACCATGGCATTGCGCAGTTTATACGATTGGGTCGTGATACTGTTGTTGATGCCGGTAGACGGTGTCACTGTT	accession=[SS03256]",function=[Cation efflux system protein CusA];accession=[SS03261],function=[Cobalt-zinc-cadmium resistance protein];accession=[SS03262],function=[Cobalt-zinc-cadmium resistance protein CzcA]
"mgm4876246.3|NS500608:271:HWWK7AFXY:1:11309:22073:5592_1_129_-|Subsystems	0c3c0f7f20a275f5a673498425038277	CTTTCAACCCCGATTCAGTTTGTAATTGGTTGGCCGTTTTATAGAAACGCTTGGGCAGCTGTGCGAATTGGTAGTGCCAATATGGACGTGTTGGTGGTTTTGGGTACTACGGCCGCTTACTTCTAT	accession=[SS01687]",function=[Copper-translocating P-type ATPase (EC 3.6.3.4)];accession=[SS04009],function=[Copper-translocating P-type ATPase (EC 3.6.3.4)],
"mgm4876246.3|NS500608:271:HWWK7AFXY:1:11304:20975:17597_1_104_-|Subsystems	0c518becd34f07c228e183fc2d5bc4e8	GGTCATTATATTCCAGCGCCATTTCATGCATTGGGCCGGATGGAAATAGCGCAAATCAATATACCGGTAGCTATTCTGATCTGGTTAATGATCACCCCTATG	accession=[SS00854]",function=[Arsenical-resistance protein ACR3],,
"mgm4876246.3|NS500608:271:HWWK7AFXY:1:21110:20782:6512_1_133_+|Subsystems	0c53a75b1352108942d265715052e65a	ACAGTAGTCATTGCATTAGTTAGCGCAATGATACTGTCAGTGACTTTTGTCCCCGCTTGTGTAGCACTTTTATTTCGCCGGCCTGTGCGTGAGAAGAAGAATCCGATTATTATTTTTTCACGTAGCCTT	accession=[SS03256]",function=[Cation efflux system protein CusA];accession=[SS03261],function=[Cobalt-zinc-cadmium resistance protein];accession=[SS03262],function=[Cobalt-zinc-cadmium resistance protein CzcA]
"mgm4876246.3|NS500608:271:HWWK7AFXY:1:21208:6224:14981_1_107_+|Subsystems	0c53a75b1352108942d265715052e65a	CAGATCACCTTCCCGCTGGAACAGGCCTTGTCGGGCATGCCCGGATTGACGCAAGTGCGCTCCATCTCGAAGTTCGGGCTGTCTCAGATCACCGCCATTTTCAAG	accession=[SS03256]",function=[Cation efflux system protein CusA];accession=[SS03261],function=[Cobalt-zinc-cadmium resistance protein];accession=[SS03262],function=[Cobalt-zinc-cadmium resistance protein CzcA]
"mgm4876246.3|NS500608:271:HWWK7AFXY:1:21209:12449:8649_1_99_-|Subsystems	0c9802bfc8bc11bb763f9bcc7c3beece	ACAAAGGAATTGATCAAATCTGTTCTTTCAAAAAAATATAAATACCAGGCTACTGAAGGAAATCTAAACAACCATATTGGGGTTCCTTTAACAATT	accession=[SS08108]",function=[UDP-N-acetylmuramoylalanyl-D-glutamyl-],,
"mgm4876246.3|NS500608:271:HWWK7AFXY:1:21311:20265:11643_1_123_-|Subsystems	0c9f6c1753d3bd2a5c2c21b3a60ad63b	GAAAGTGAGTTGGCAAACAGCCAATCGCTGGACAGGTTTCCCATTCGTGTTTTGTCTGAACAAACAGGTGTCGGTGCATCGACCTTGCGGGCATGGGAGCGCCGATATGGCCTGCTTAAA	accession=[SS03277]",function=[erR famil],,
"mgm4876246.3|NS500608:271:HWWK7AFXY:1:21112:11462:12302_1_117_-|Subsystems	0ca0545128c2a59bec126190bf56f6c4	CTGGACGAGGGCTGGAAAGATACGGTCATGCTGATGCCCGGTGAGCGCGTGCGGCTAATGATGCGCTTCGAGGACTATGACGGCCTGTTTCTCTATCACTGCCACAATCTGGAA	accession=[SS04014]",function=[Multicopper oxidase],,
"mgm4876246.3|NS500608:271:HWWK7AFXY:1:11101:4710:5976_1_142_+|Subsystems	0caca1b2bfb992d7088d574042243473	ATCGTCATCTGCGCCGGTGGCGGCGGGATCCCTGTTGTGGCGCGTGACGACGGCCAGCTGTTCGGCGTCGAGGCGGTGATCGACAAGGACGCGGCGAGCGCATTGCTCGCGCGCGAACTCGGCGCGCAGGCGCTGCTGATG	accession=[SS08212]",function=[Carbamate kinase (EC 2.7.2.2)],,
"mgm4876246.3|NS500608:271:HWWK7AFXY:1:11210:22788:15532_1_132_+|Subsystems	0cba7dd11dcde712a51f2336e3939467	TTCAAGGGACTGGGTGAAATGAACCCCGAGGAGCTACGTGAGACAACACTCGATCCCGCAAACCGCACACTCGTGCAAGTCACTATGCGCGATCTCGCTGCTGCCGATGAAATGTTCCGCGTACTCATG	accession=[SS11046]",function=[DNA gyrase subunit B (EC 5.99.1.3)],,
"mgm4876246.3|NS500608:271:HWWK7AFXY:1:11201:25197:17370_1_105_+|Subsystems	0cbd955352af5552b02b52abc443c09f	CTCATCCCATCGCTGGCAGTCCCGGTTTCCCTGGTCGGTACATTTGCAGTTTTCCCGCTATTGGGTTTTTCGATCAATACCCTGTCCCTGCTCGGTTTGGTG	accession=[SS03256]",function=[Cation efflux system protein CusA];accession=[SS03261],function=[Cobalt-zinc-cadmium resistance protein];accession=[SS03262],function=[Cobalt-zinc-cadmium resistance protein CzcA]
"mgm4876246.3|NS500608:271:HWWK7AFXY:1:21203:24639:14796_1_117_-|Subsystems	0cbd955352af5552b02b52abc443c09f	CTGACAATGGCTGAGTTTTTCGTTCGCAGACCCATCGTCGCCATGGTGATTGCCATCATCATGGTGATTGTCGGGCTGGTGTCCATGTCGGGCCTGCCTATCGCTCAGTATCCG	accession=[SS03256]",function=[Cation efflux system protein CusA];accession=[SS03261],function=[Cobalt-zinc-cadmium resistance protein];accession=[SS03262],function=[Cobalt-zinc-cadmium resistance protein CzcA]
"mgm4876246.3|NS500608:271:HWWK7AFXY:1:11108:4198:8145_1_91_+|Subsystems	0ce98722d37e51a2a22063e371bd7992	ATAGATATTGTGTTTCACACGGCCGCTTATAAACATGTGATCCTCTGTGAAAGATCCCCTTACGAGGCTGTTCAGACCAATATTCTG	accession=[SS03094]",function=[UDP-N-acetylglucosamine],,
"mgm4876246.3|NS500608:271:HWWK7AFXY:1:21306:19698:7204_1_144_+|Subsystems	0d021153655d947f3194e66e856ef277	CCGCATGTCGCGCTGGTTAATAATGCCGGCCCGGCCCATCTCGAAGGATTTGGTAGCATTGAAAACGTGGCCCGCTGCAAGGCCGAAATCTATGGCGGCCTGGTGGCAGGTGGTACAGCGGTGATCAATGCCGATGATACT	accession=[SS08108]",function=[-diaminopimelate--D-alanyl-D-alanine ligase (EC 6.3.2.10)],,
"mgm4876246.3|NS500608:271:HWWK7AFXY:1:11203:15361:6223_1_127_+|Subsystems	0d1ff2f9f69f8a1691b122a299a3ab9c	CGCCGTCCCGGCATGTACACCGACACCACCCATCCCAATCATCTTATCCAGGAAGTCGTCGACAACAGCGTCGATGAAGCACTGGCCGGTTACTGCAAGGACATCGAGGTCACCTTGCACGAG	accession=[SS11049]",function=[Topoisomerase IV subunit B (EC 5.99.1.-)],,
"mgm4876246.3|NS500608:271:HWWK7AFXY:1:11309:25080:2310_1_142_+|Subsystems	0d347560efcec0718b916a2d5f745ea9	GTCATCGCACAGAGAGGGATCCATAAGCTACCTGGCGTATCTGGCAGGATGGAGAAGATCGATATTGGGCAGTCTTTTTCCTCCATCGTAGATTTTGCCCATACACCTAATGCATTGGAGAAAACTTTACAGAATGCA	accession=[SS08107]",function=[-diaminopimelate ligase (EC 6.3.2.13)],,
"mgm4876246.3|NS500608:271:HWWK7AFXY:1:11304:1819:5055_1_129_-|Subsystems	0d5d3d3004b67563e211ef968805f46d	ATCGCGGACGAGCCGTGTGTGATCACGCTGTCCAACACCGGCTACATCAAGCGTGTGCCGACCGACACCTACCGCCAGCAACGTCGCGGCGGAAAAGGCGTGGTGGGCATGAGCACGAAGGACGAG	accession=[SS11045]",function=[DNA gyrase subunit A (EC 5.99.1.3)],,
"mgm4876246.3|NS500608:271:HWWK7AFXY:1:21307:9126:1104_1_142_-|Subsystems	0d5d3d3004b67563e211ef968805f46d	AGCCGCGTCGCCGACCCGACCCAGGTCCTTGCCGACCTGTTCAAATACAACCCACTGCAAACGACTTTCGGCATCAACATGCTGGCCCTGGTCGAGAACGAACCACGCACATTGAGCCTGAAGCAATCCTTGCGCGTGTAC	accession=[SS11045]",function=[DNA gyrase subunit A (EC 5.99.1.3)],,
"mgm4876246.3|NS500608:271:HWWK7AFXY:1:11204:22262:13927_1_106_-|Subsystems	0df73f6185dcaa0e5f48fa56ff6bbba6	CTGGGTCATGCCGACGGTCTCTTCAGAAGTCTGGGACAAAACAAAATATTTGTCCAGATCAAGGGCCAAAAAGCGCCTGTCATTGGAAACATATGTATGGAT	accession=[SS08108]",function=[UDP-N-acetylmuramoylalanyl-D-glutamyl-],,
"mgm4876246.3|NS500608:271:HWWK7AFXY:1:11102:2787:15961_1_128_-|Subsystems	0e0dae7c8c466a0096f01e3369a4fe82	GTCAAGCTCGGGTTCATCGGTCCTATCATGTCTACGGTGTCTGTGGCCACCGGCGGGAAGAGTCATGAGGAGCCATTGGGCATCATGATGCTCCGGGGCACGCGCCTGGCGTTGGAAGAGACCAAT	accession=[SS03076]",function=[mino acid-binding protein (TC 3.A.1.4.1)],,
"mgm4876246.3|NS500608:271:HWWK7AFXY:1:21302:23777:10155_1_142_-|Subsystems	0e0dae7c8c466a0096f01e3369a4fe82	CTCGGCACGATTGACGGCGCCAACAGTCACATTGCAATCCGCGTCGCCCTCAAGGCGGAAGTCCCGATGATGAACACCGGTGACACCGATCCGACCTTCGTCGAGACAAACATTCCATGGGCGCTGCGCTGCATCAGT	accession=[SS03076]",function=[mino acid-binding protein (TC 3.A.1.4.1)],,
"mgm4876246.3|NS500608:271:HWWK7AFXY:1:11109:18599:2885_1_129_+|Subsystems	0e0fe2d6e46509573a43576748dee532	GTCATCTTGCTCTTCCTGCTTCTTACAGTGATTGGAACCAGGACTACAAGCGAAATGGACATTGATGTATTCCCTGATCTTACAGCTCCAACGGTTGTTGTAATGACAGATGCTCATGGTATGGCA	accession=[SS03256]",function=[Cation efflux system protein CusA];accession=[SS03261],function=[Cobalt-zinc-cadmium resistance protein];accession=[SS03262],function=[Cobalt-zinc-cadmium resistance protein CzcA]
"mgm4876246.3|NS500608:271:HWWK7AFXY:1:21306:2695:4135_1_111_-|Subsystems	0e0fe2d6e46509573a43576748dee532	TTGTTGATTCTATCGCTTTCAGCAATCATTATGATTTCCGGATTGTATATGGCAAGCAAAATTGAGGTGGATGTTTTTCCTGATCTTACTGCACCTACTGTTGCCGTT	accession=[SS03256]",function=[Cation efflux system protein CusA];accession=[SS03261],function=[Cobalt-zinc-cadmium resistance protein];accession=[SS03262],function=[Cobalt-zinc-cadmium resistance protein CzcA]
"mgm4876246.3|NS500608:271:HWWK7AFXY:1:21108:7704:2606_1_114_+|Subsystems	0e4df784ff9c9e9c464357d1a40c47f1	CTGATTGCCAGAGGATCCAGCAACTTCGATGAGCAGGCCTACGACGCCTCGAGTATCGAGGTCCTCACCGGTCTAGATCCGGTCCGCAAGCGTCCGGGTATGTACACCCAG	accession=[SS11049]",function=[Topoisomerase IV subunit B (EC 5.99.1.-)],,
"mgm4876246.3|NS500608:271:HWWK7AFXY:1:21209:25600:12622_1_121_+|Subsystems	0e4df784ff9c9e9c464357d1a40c47f1	CCCACGCCCCAGGGCGGAACCCACGTAAACGGTTTGCGAACGGGCCTCACCAACGCGCTGCGCGAGTTCTGCGATTTCCGCAACCTGCTGCCGCGCGGCGTGTCGATTGCCCCCGAAGAC	accession=[SS11049]",function=[Topoisomerase IV subunit B (EC 5.99.1.-)],,
"mgm4876246.3|NS500608:271:HWWK7AFXY:1:11308:7524:13938_1_120_+|Subsystems	0e6fbb890f84a8718f6ca76e9050af56	GACTGGCGTCCGCAGAACCTCGGCATCCTGCCGCCCATTGTGAAACCCAAGGGTATCGACGACGTACCGATCGTCTCGGCGACCCTGTGGACCGCTGATGAGGCGCGCGCGACCCAG	accession=[SS08277]",function=[Acriflavin resistance protein],,
"mgm4876246.3|NS500608:271:HWWK7AFXY:1:21207:17468:15191_1_120_+|Subsystems	0e83c58d6e6ebf412d5162a79ba75330	GCCAAGGAGCGCCTGTTGGCGCGCCTGTGGGATCCGGGCCTGGTCGCGGCCATGCTGGGGCAGGGCGGGCCCGAACTNTCGCGCCCCGAGGACCTGGAAGACAAATTCGGCTTGCAG	accession=[SS11045]",function=[DNA gyrase subunit A (EC 5.99.1.3)],,
"mgm4876246.3|NS500608:271:HWWK7AFXY:1:11204:3545:15030_1_83_+|Subsystems	0ed16fc71ebbdee2fcd2b0b08b21d021	ATGTACCCCATCATGGTGAAGATCGATTTCGGCGAGGTCGTCCAGGCCGGAAGGTCGGTCAAGCCCGTCACGCTGACACTG	accession=[SS00854]",function=[Arsenical-resistance protein ACR3],,
"mgm4876246.3|NS500608:271:HWWK7AFXY:1:11212:15269:19459_1_84_+|Subsystems	0ed16fc71ebbdee2fcd2b0b08b21d021	GGCAATGACGGACACACTTTGATAATGGTAGGAATAAACTCTCTGGCCATGCTGTTTTTGTACGGACCGTTAGGGGGATTA	accession=[SS00854]",function=[Arsenical-resistance protein ACR3],,
"mgm4876246.3|NS500608:271:HWWK7AFXY:1:11309:12280:15403_1_112_+|Subsystems	0f002ff68c69ece6f8893ddbaf0b4a73	GCCATGTGGATCAACGTGTCGAGCGATACCCGGTCGATCATGGAGGTGTCGGACTTCGCGGAGCGCTACATCGTCGACGCCCTGTCCGCGGTGGACGGCGTAGCGCGT	accession=[SS08277]",function=[Acriflavin resistance protein],,
"mgm4876246.3|NS500608:271:HWWK7AFXY:1:11109:10548:7823_1_91_-|Subsystems	0f5619f1bdf49da1303e078b56e61d3e	ATAGGAAAGGAAGAGTATAATCCTGATAAACTGCGCTACCACCGTATTATTATTATGACTGATGCGGATGTGGATGGCTCTCATATC	accession=[SS11046]",function=[DNA gyrase subunit B (EC 5.99.1.3)],,
"mgm4876246.3|NS500608:271:HWWK7AFXY:1:11202:3831:1488_1_103_+|Subsystems	0f5619f1bdf49da1303e078b56e61d3e	ATGCTCTCTTCGGCCGAAGTCGGTACCCTTATTACTGCGTTGGGGTGTGGAATCGGAAGAGAAGACTACAATCCGGATAAATTACGTTACCACCGAATTATC	accession=[SS11046]",function=[DNA gyrase subunit B (EC 5.99.1.3)],,
"mgm4876246.3|NS500608:271:HWWK7AFXY:1:21203:13630:18190_1_98_+|Subsystems	0f5619f1bdf49da1303e078b56e61d3e	GATGAAATATCCGGAAAGGGGGATGTTTTTGAATATGAAGGTGGTATCAGTTCGTTTGTTGAACACCTTGCCCGTAAAAAAACAGCTCTACATCAG	accession=[SS11046]",function=[DNA gyrase subunit B (EC 5.99.1.3)],,
"mgm4876246.3|NS500608:271:HWWK7AFXY:1:21305:4043:18491_1_94_-|Subsystems	0f75ffe0053e7b999f9afb0dfeae82d5	GAGTACAATGATGTACGTGTAAATGTGCTGGCCTATGCCTTGACGCACGTTTGGCGAAAGCCTGCTCCTGTAGTGCTCAAAGAGCATATA	accession=[SS01498]",function=[Beta-lactamase class C and other penicillin binding proteins];accession=[SS01494],function=[Beta-lactamase],
"mgm4876246.3|NS500608:271:HWWK7AFXY:1:21103:5889:6640_1_115_-|Subsystems	0fcf0b102d4776a17ace3667fd4c5514	CAGGATGAACTGGGTGTTCTGAGCCACCAGCGCGCCAGAAAAGCAATCGAAACCGGTTTGTTCACGGAGGAGATTGTACCGGTGGTGATCAAGACCCGGAAGGGGGATGTT	accession=[SS08211]",function=[Acetyl-CoA acetyltransferase (EC 2.3.1.9)],,
"mgm4876246.3|NS500608:271:HWWK7AFXY:1:21102:17779:4002_1_108_-|Subsystems	0fd56d82c154f672636b02b890499fb1	CTAGATACAGGAAAAGGTCGACGAGACCCGATCAAGCATACGGTAAGCATCGCTCCAGGCACGACGGTTTATACCGAAACTGAAGTGGATGTGACGGGTCAATGG	accession=[SS04014]",function=[Multicopper oxidase],,
"mgm4876246.3|NS500608:271:HWWK7AFXY:1:21203:17792:5497_1_111_-|Subsystems	100e171ecdde9d618a555b82e4086da4	CCTGAACCATTCACTTATGATCGGGATTATGTAATCTTATTGTCTGACTGGTCAGATGAGGATCCAACTCGTATCTATTCGAAGCTCAAGAAAATGAGCGGCTACTAC	accession=[SS04014]",function=[Multicopper oxidase],,
"mgm4876246.3|NS500608:271:HWWK7AFXY:1:11201:19833:1232_1_112_+|Subsystems	103b11cb6d782d1cec3c992d19157ad5	GTTAATATCAGTAATGATGCCTGGTTTGGTGATTCATTGGCGCCCGCACAGCATCTTCAGATGGCGCGCATGCGTGCACTGGAAAGCGGGCGCTATGTCCTGCGGGCA	accession=[SS03989]",function=[Copper homeostasis protein CutE],,
"mgm4876246.3|NS500608:271:HWWK7AFXY:1:11307:8145:18159_1_81_+|Subsystems	109d77330d6f03e9369fb70a3127002f	GCTAACCCAGATGTAGATGGTGGTTTAATTGGTGGAGCTTCTTTAAAAGCAGCTGATTTTAATGCTATTATCTCAGCA	accession=[SS08217]",function=[Triosephosphate isomerase (EC 5.3.1.1)],,
"mgm4876246.3|NS500608:271:HWWK7AFXY:1:11302:12536:10066_1_127_-|Subsystems	109f8b5d37dd26b9f0f01ce7a8df8b21	TTATTCGGTTTATCAACGATTGTTTATTTCTATGGAGGCTGGCCTTTTCTAAAAGGGCTAAAGGATGAATTAGGTCAGGGAGCTCCGGGTATGATGACGCTGATATCGATGGCTATCAGTGTT	accession=[SS01687]",function=[Copper-translocating P-type ATPase (EC 3.6.3.4)];accession=[SS04009],function=[Copper-translocating P-type ATPase (EC 3.6.3.4)],
"mgm4876246.3|NS500608:271:HWWK7AFXY:1:21202:13849:16565_1_116_+|Subsystems	109f8b5d37dd26b9f0f01ce7a8df8b21	TTATTAAAAGACGATGTGATCTTGGTGAAACCTGGAGAAAAAGTACCTGCTGATGGGATTATCACAGAGGGTTCAAGTTACCTAAATGAATCTATGCTTACAGGAGAATCTAAA	accession=[SS01687]",function=[Copper-translocating P-type ATPase (EC 3.6.3.4)];accession=[SS04009],function=[Copper-translocating P-type ATPase (EC 3.6.3.4)],
"mgm4876246.3|NS500608:271:HWWK7AFXY:1:21208:6252:4881_1_130_-|Subsystems	10d4c4b9ed549fcd8fb18f846b248618	GCCTTCGCGGCGCAGAGCCTCGCCTGCATGCGCGAGCTCGGCATCGAGGAGGCCAACGTGAACCCCAAGGGTGGCGCGATCGCGTTGGTCATCCGCTGGCTGCACTGGCGCTCGCATGGTTACGAC	accession=[SS08211]",function=[Acetyl-CoA acetyltransferase (EC 2.3.1.9)],,
"mgm4876246.3|NS500608:271:HWWK7AFXY:1:21301:19358:10475_1_89_-|Subsystems	10d5cb8c2dab8aaa099d29d31e8c1f1b	TTTTACACCGGCTGGGATTATTATGTCGGGGGATTAAAAAGCCTCAAAAACAAAAGCGCCAATATGGACGTTTTAGTGGCCATGGGA	accession=[SS04009]",function=[Copper-translocating P-type ATPase (EC 3.6.3.4)];accession=[SS01687],function=[Copper-translocating P-type ATPase (EC 3.6.3.4)],
"mgm4876246.3|NS500608:271:HWWK7AFXY:1:21104:11131:4869_1_98_+|Subsystems	10ff536d3db1a0cd4641e1f97b10a00a	GATATAGATATGGAGGATCTAATCCCAGTTCAGGATGTAGTTATTACAATTACAGAAACGGGCTATATAAAACGTATACCTTGCGAGACATATAGA	accession=[SS11045]",function=[DNA gyrase subunit A (EC 5.99.1.3)],,
"mgm4876246.3|NS500608:271:HWWK7AFXY:1:11312:17566:5378_1_103_-|Subsystems	1121dd5dd11016faeedff8cc3b4d77c6	AAACTCGAAATCTGTGTAGACAACTATGAATCCCTGGCTACCGCTGTGCAGCATGGAGCAGACCGCATCGAGTTATGTGCCAGTCTGCGGGAAGGCGGC	accession=[SS03991]",function=[Cytoplasmic copper homeostasis protein cutC],,
"mgm4876246.3|NS500608:271:HWWK7AFXY:1:11201:4343:19781_1_128_+|Subsystems	117607847b227e92e95426af15c1cead	ATCAACGATATTTCGCTTTCGCTGGTCTTCGTCGAATTCGACTGGGGCACCGACATCTATCAGGCACGCCAGTTCGTGCAGGAACGCCTTACCGGCGCGGTCGAGATCCTACCCGAAGGCGTCACT	accession=[SS03256]",function=[Cation efflux system protein CusA];accession=[SS03261],function=[Cobalt-zinc-cadmium resistance protein];accession=[SS03262],function=[Cobalt-zinc-cadmium resistance protein CzcA]
"mgm4876246.3|NS500608:271:HWWK7AFXY:1:11302:24142:6035_1_138_+|Subsystems	11809f52bd22d7b14979b21dd90037e1	GGCTGGGACCTGAACCTGCTCTCAATGTTCGGCGTGGTGGCGCTGGCGGGCGTGGTGGTCAACGACTCGCTCCTGATGATCGACTTCATCAACCGCGCCCGCCGCAGCGGCATGTCCGTGGAACGGGCGATCCTG	accession=[SS08277]",function=[Acriflavin resistance protein],,
"mgm4876246.3|NS500608:271:HWWK7AFXY:1:11108:14966:3875_1_134_+|Subsystems	11fc7e0223a282ea0201ff64233449e4	TTTGAGAAGATCAAAGAGGAACTCGATGAGATGGTGCGGACACCGGGTGCACCGGCAATCTGGTGGATGCCGATTCAGACAAGAATCGAGATGTTGGCTACCGGAATTCGGAGCCAGATTGGAATCAAA	accession=[SS03256]",function=[Cation efflux system protein CusA];accession=[SS03261],function=[Cobalt-zinc-cadmium resistance protein];accession=[SS03262],function=[Cobalt-zinc-cadmium resistance protein CzcA]
"mgm4876246.3|NS500608:271:HWWK7AFXY:1:21212:3509:2254_1_126_-|Subsystems	11fc7e0223a282ea0201ff64233449e4	GAAGACCTGAAGACAAGCCTTCCGGACGGGGCCGAGCTGGTCATCACGTACGATCGATCAGATTTGATCAAGAGGGCGATTGGGACGCTTCGAAGCACCCTGATTGAAGAGATGATCGTGGTG	accession=[SS03256]",function=[Cation efflux system protein CusA];accession=[SS03261],function=[Cobalt-zinc-cadmium resistance protein];accession=[SS03262],function=[Cobalt-zinc-cadmium resistance protein CzcA]
"mgm4876246.3|NS500608:271:HWWK7AFXY:1:21306:4411:4305_1_124_+|Subsystems	12008575bdec9f95122a454f41ead85c	GTCCTATACGCGATGGCGCTCGAGCAAAAACTCACCCTAAAGCTTGCCCAAAAGCTGGTGATGACGCCATCGCTGCAGCAGGCGATCAAGCTGCTGCAGATGACTCGCATGGAATTGCAGGGA	accession=[SS03091]",function=[RNA polymerase sigma-54 factor RpoN],,
"mgm4876246.3|NS500608:271:HWWK7AFXY:1:21304:15182:2849_1_128_-|Subsystems	12056546a8ae460c265ec7847ccdf10c	CTGAGCCTCTACCAGGGGCAAATCTACGGGTTCGTCTATCGCCTCCTCGACGATCCGGGCGATTCGCCGGACGTCACGCAAGAGGTCTTTCTAAAAGTTTTTCGCAAAATCCAGGGGTTCCGCGGC	accession=[SS03091]",function=[RNA polymerase sigma-54 factor RpoN],,
"mgm4876246.3|NS500608:271:HWWK7AFXY:1:21301:3083:5251_1_112_+|Subsystems	1210155867b924cf3d111934099c9071	CATAACACCACACGCTTGGATGTGAACGGTATGAAGGAACTGTTGCTAGAACTGCCCATGATCCGTGAAGATATTTTAGGTGAAGATATCGGACCTGTATATAGTCCA	accession=[SS03094]",function=[UDP-N-acetylglucosamine],,
"mgm4876246.3|NS500608:271:HWWK7AFXY:1:21303:15768:18771_1_92_+|Subsystems	12123e3be44f4f7be00db11e271145ea	ACTTTGGAGGAGGTGAAGCTGGCGTTGCAGGAGAGTAACGATAACGCGACCGGCGGGTACCTGGACGAGCAGGGCCCCTATGAGTTATTG	accession=[SS03256]",function=[Cation efflux system protein CusA];accession=[SS03261],function=[Cobalt-zinc-cadmium resistance protein];accession=[SS03262],function=[Cobalt-zinc-cadmium resistance protein CzcA]
"mgm4876246.3|NS500608:271:HWWK7AFXY:1:11204:4053:19204_1_142_-|Subsystems	125f42ceb61f92b954307f284c838287	GCAGACATGCCGATAGAAGTTGCCGCGCTTACCGTTAACCGGTTCTGCGCCTCGGGGCTGGAGTCGGTAGCCATCGCCGCAGAGCGCATTATGGCAGGATGGAGCGATTGCATCCTGGCGGGCGGCGCAGAGTCCATG	accession=[SS08211]",function=[Acetyl-CoA acetyltransferase (EC 2.3.1.9)],,
"mgm4876246.3|NS500608:271:HWWK7AFXY:1:11205:3666:10210_1_140_+|Subsystems	12a3f4b4f4c691f067598941ca7be41b	ACGCAGTTATCCGCACAGGTTGCTGGCGAAGTCGTGAGCTGGCACCAGGATTTCGTCCCGGGAGGGCTGGTAAAAGCCGGTGAAATACTTTTTCGTATAAAACAAGATGATTATCAGGCTGCCGTCTTACAAGCAGAG	accession=[SS08280]",function=[Membrane fusion protein of RND family multidrug efflux pump],,
"mgm4876246.3|NS500608:271:HWWK7AFXY:1:21112:8684:4954_1_123_-|Subsystems	12b433f90a201dcde968de4732bde9c9	CTACAAGAAGCGCGCTGGTTTATAAAAAGTCTTCGTAGTAGAAATGAAACCTTGTTGAAGGTCGCGACGACAATTGTTGAACGTCAGCGAGGATTTTTTGAGTATGGCGAAGAAGCTATG	accession=[SS03091]",function=[RNA polymerase sigma-54 factor RpoN],,
"mgm4876246.3|NS500608:271:HWWK7AFXY:1:11207:2652:1636_1_138_+|Subsystems	1313a1ff8b0b99bb7444ed1f68f0a45d	CCCTATACATTATTTTCCGGGATGGTACTGGGGGTAGGAATTATGCTTGGTGGATTCTGGGCATACGGTGTTCTCGGTTGGGGTGGCTACTGGGGCTGGGACCCGGTTGAAAATTCTTCACTCGTACCCTGGATA	accession=[SS04011]",function=[Cytochrome c heme lyase subunit CcmF],,
"mgm4876246.3|NS500608:271:HWWK7AFXY:1:21201:22663:8776_1_80_+|Subsystems	13153c114cd746e9550be22c9167ebd0	ATTGAACATGTGCGCATGAGGCCGTCCATGTATATTGGAGATATAGGCGTCAGAGGATTGCATCATTTGGTATAT	accession=[SS11046]",function=[DNA gyrase subunit B (EC 5.99.1.3)],,
"mgm4876246.3|NS500608:271:HWWK7AFXY:1:11303:19623:7689_1_143_-|Subsystems	1333176f591b2fe76ed0a41353027445	GTGGGAACCGCGCTGATGCATTCCCTGGCAGCCACGGAAAAACGCGGTGTATTCAAGGCCTGGACGGTGCTGCTCGGCACCCTCTATCCCTTGATCCTGGACGCCTTGGGCATGGGCAAGATATCGGTAGGCCCTCCCTAC	accession=[SS04011]",function=[Cytochrome c heme lyase subunit CcmF],,
"mgm4876246.3|NS500608:271:HWWK7AFXY:1:11201:6067:19441_1_144_+|Subsystems	13bb68b512a96ceabc636a3db4f6d553	ATCGAGGACCGCATCGAGGCACTCGGGACACTGCGTGCCAACGAGTCGGTCGAGCTGACCTCCTCTGTGACCGAGACTGTCACAGCCCTGCATTTCGACGACGGTGACCGGGTCGAGGCCGGCCAGGTACTGGTGGAGATG	accession=[SS13471]",function=[Probable RND efflux membrane fusion protein],,
"mgm4876246.3|NS500608:271:HWWK7AFXY:1:21111:12026:19825_1_141_-|Subsystems	13dc55da10da39f7e5395cb6c2013b84	GTCATAACTGACGTAAATATGCCGAATATGGATGGCATCACTTTGACGGCGGAGTTGCGCAACCTGGATACCTATAAATTTATCCCGATATTGATACTGACAACAGAGACGGGAACCGCCAAAAAAGAACAGGGCAAA	accession=[SS03077]",function=[Chemotaxis regulator - transmits chemoreceptor signals to flagelllar motor components CheY],,
"mgm4876246.3|NS500608:271:HWWK7AFXY:1:11111:17948:18419_1_131_+|Subsystems	14e81f106993a183b0695a312870c3f0	ATAGAACATGTCATAAATTGGTCACTGAAAAACCGTTTCCTTGTCCTGGTTTTGACCGCAGTGCTCGTTGGTTGGGGAATAAATGCGGTTCGCAACATTCCTCTTGATGCGATACCGGATCTGTCAGAT	accession=[SS03256]",function=[Cation efflux system protein CusA];accession=[SS03261],function=[Cobalt-zinc-cadmium resistance protein];accession=[SS03262],function=[Cobalt-zinc-cadmium resistance protein CzcA]
"mgm4876246.3|NS500608:271:HWWK7AFXY:1:21109:7439:8711_1_129_+|Subsystems	14e81f106993a183b0695a312870c3f0	TATGTACACGATGCGAAGCAGCTGGTCGCGCAGCAGGTGGAACTGCCCCCGGGCTATTCGATCAGCTGGTCCGGTCAGTACGAGTTCATGGTGCGCGCAATCGAACGTCTCTCCACGGTGGTACCG	accession=[SS03256]",function=[Cation efflux system protein CusA];accession=[SS03261],function=[Cobalt-zinc-cadmium resistance protein];accession=[SS03262],function=[Cobalt-zinc-cadmium resistance protein CzcA]
"mgm4876246.3|NS500608:271:HWWK7AFXY:1:21206:7602:16677_1_125_+|Subsystems	14f4b321f4c7f0769e1edae91ceddb42	AAGGAACGGCTCTCTTCCCGCCAGTGTGCCAAGTTTGTCTCAGGGGCGGTCAAAGATGCGTTCAGCCTGTGGCTCAACCAGCACACCGACATGGGGGAGCAGCTGGCCGAGCTGGCTATC	accession=[SS11049]",function=[Topoisomerase IV subunit B (EC 5.99.1.-)],,
"mgm4876246.3|NS500608:271:HWWK7AFXY:1:11209:14946:1738_1_143_+|Subsystems	15427f2926f4d4aa053d73238edd5311	CTTACCCAGTGGGGCGATATTGAGCGCGTGGATATGACCTTCAGTGTAACCAAGAGTTATTTGTCCACTTTGGTAGGTCTTGCTTACGACAAAGGCCTTATACATTCTCTCGGGGATTCGGTTCATCAATATGTTTGG	accession=[SS01494]",function=[Beta-lactamase];accession=[SS01498],function=[Beta-lactamase class C and other penicillin binding proteins],
"mgm4876246.3|NS500608:271:HWWK7AFXY:1:21109:16112:2198_1_128_+|Subsystems	15557626647d2a8bf8ebba12aae08461	ACGGGTACCTCTTTTTGGCTTGACTTGCAGAGAGAAATAGCGGTAATTCTCCTCACCAATCGTATTCATCCCAGTCGGGACAACGAAAAGATTAAGGATTTCAGACCACTGCTACACGATGCAGTG	accession=[SS01494]",function=[Beta-lactamase];accession=[SS01498],function=[Beta-lactamase class C and other penicillin binding proteins],
"mgm4876246.3|NS500608:271:HWWK7AFXY:1:11206:19308:18447_1_135_+|Subsystems	1582f2e430229d3be3078efbe626e558	TATATAGAAGGCGGTAGCCTCGGAGCGCTATGGGATGCTCCTGCCGCACTTATTGTATTTGGCGGCACAATCGGTGCGGTCATGCTTCAATCTTCCTATCAAACATTTGCATTAGCCATGAGACTAACTATC	accession=[SS03084]",function=[Flagellar motor rotation protein MotA],,
"mgm4876246.3|NS500608:271:HWWK7AFXY:1:11209:22589:6241_1_110_+|Subsystems	15e39391288c526fffbc5fed65d05e44	GTAATGGGATATGACACCCGCCCGCTTCTTACCATGGAAGAGAAGTTTCATTTTCTAAAAGAAGCTTCAGAAAAGGAGTTTGTCCTCTTTTTTGAGCATGACGCA	accession=[SS01494]",function=[Beta-lactamase],,
"mgm4876246.3|NS500608:271:HWWK7AFXY:1:21103:16354:9469_1_132_+|Subsystems	15f88da239f36fcccec7e0faf8894e8d	TTTAGTGAAGGTGGTGAATTAACTCAAGAGAGCTATGTTAACCTGATTCCTACCGCGCAAGGTGGTACGCATGTTAATGGCTTAAGAACAGGCCTTCTTGATGCAATGAGAGAATATTGTGAATTTCGT	accession=[SS11049]",function=[Topoisomerase IV subunit B (EC 5.99.1.-)],,
"mgm4876246.3|NS500608:271:HWWK7AFXY:1:21103:23167:16270_1_123_+|Subsystems	162c9842bb4b0c1494cd7aad01ed48dd	CTCCAGTGGAGCGAGCTGATCACGGATATGCACTTCATGCTGCAACAGGAAGTGGTTCGACGCATGGCGGCCAGTCCCGGCTCCAAGGCCTGGGGCAAACTGTCGGTCATGTGCCAGTAC	accession=[SS05015]",function=[Dimethyladenosine transferase (EC 2.1.1.-)],,
"mgm4876246.3|NS500608:271:HWWK7AFXY:1:11111:18760:8026_1_120_+|Subsystems	1689b976dce5fe9f3e92ab316922a4c6	CCGGGGGAGAGTGTTCCCGTGGATGGTATTCTCGTGGAGTGGCCAACCACGATCGATGAGTCGGTGATTACCGGAGAAAGCGTACCGGTTGAAAAGCAGGTTGGGGATCCTGTCATC	accession=[SS01687]",function=[Copper-translocating P-type ATPase (EC 3.6.3.4)];accession=[SS04009],function=[Copper-translocating P-type ATPase (EC 3.6.3.4)],
"mgm4876246.3|NS500608:271:HWWK7AFXY:1:11307:2730:15257_1_141_-|Subsystems	16e2f3dc90bda081e837788192ed64f8	AGTATCAGTGCGGCAACAGCTTTACGTTGTGCAGAAGCTGGTCTTAAAACAATCGTTATCAGCACAGATACTGCTCACAGCCTGGCAGACTCTTTTGAGAAGAAGATTGGGCCAGAGCCAGTAGAAATACACCCTAAC	accession=[SS00851]",function=[Arsenical pump-driving ATPase (EC 3.6.3.16)],,
"mgm4876246.3|NS500608:271:HWWK7AFXY:1:11302:7667:17090_1_139_+|Subsystems	16f27f2bcb023e1dc040464c2927f5e1	TATATTCAGCCAATAATCGTCATGTCGGCAATTCCTTTTGGGGTAGTTGGAGCGGTCATCGGACATGTAATATTGGGGTGGGATCTGAGTATTATGTCAATGTGTGGAATTGTGGCTTTATCGGGTGTGGTTGTG	accession=[SS08277]",function=[Acriflavin resistance protein],,
"mgm4876246.3|NS500608:271:HWWK7AFXY:1:21212:17238:6040_1_141_-|Subsystems	16ff4ff8606ee0e07003166473ec01cd	GATATAAGAGACGAATCTGATAGAGAAGGTATGCGTATAGTCATTGAACTTACAAAAGATGCTCATGATGATGTTGTCATAAACCTGCTCCTAAAACACACAAGATTGCAAACCACTTTTGGAATAATCATGCTTGCT	accession=[SS11045]",function=[DNA gyrase subunit A (EC 5.99.1.3)],,
"mgm4876246.3|NS500608:271:HWWK7AFXY:1:11107:20143:16068_1_128_+|Subsystems	178a06e5b4a85f5edbf78d1775b96c25	ATTGAGTATCCCCAGGGTACCGATATTGAGAAGACCAATCAAATCACGAAGGAGATTGAAAACAAAGTGTATGCCTATTTGAACGAGGATCAATACCAGGAGGGAGACTTCAACTTCATGGTG	accession=[SS03256]",function=[Cation efflux system protein CusA];accession=[SS03261],function=[Cobalt-zinc-cadmium resistance protein];accession=[SS03262],function=[Cobalt-zinc-cadmium resistance protein CzcA]
"mgm4876246.3|NS500608:271:HWWK7AFXY:1:21304:25505:7551_1_144_-|Subsystems	178a06e5b4a85f5edbf78d1775b96c25	CTTACAGCAATCACTACTGTGCTTGGACTGATTCCAATGGCAATAGGAATGAACATTGACTATGCATTACTCTTCAGTGACTTTGATGCCAATTTCTATATTGGAGGTGACAGTGCCAATTTCTGGGGGCCAATGGCATGG	accession=[SS03256]",function=[Cation efflux system protein CusA];accession=[SS03261],function=[Cobalt-zinc-cadmium resistance protein];accession=[SS03262],function=[Cobalt-zinc-cadmium resistance protein CzcA]
"mgm4876246.3|NS500608:271:HWWK7AFXY:1:21111:9811:17422_1_141_-|Subsystems	183c3b1102f04e662a1ee5c8205965ee	CTGGAGCTGATGAGCGCCGACCCCATTACCGTGGTGATGTCACAAATGGGTTGGATCCGGGCCGCCAAGGGTCACGATATCGACCCTGCCAGCCTCAGTTACAAATCCGGTGACGGTTACAAAATGTGCGCCCTGGGC	accession=[SS11048]",function=[Topoisomerase IV subunit A (EC 5.99.1.-)],,
"mgm4876246.3|NS500608:271:HWWK7AFXY:1:11201:12806:9854_1_101_+|Subsystems	186a79bc7fde52ba8d2c47cac0ba6c94	ACTAACTCGTGGACCATGCCTATCAAAACCCGTATCGATATGCTCGCAACCGGAATCAAGACACCGGTTGGGGTCAAGTTGATGGGTGGCGACCTAGAA	accession=[SS03256]",function=[Cation efflux system protein CusA];accession=[SS03261],function=[Cobalt-zinc-cadmium resistance protein];accession=[SS03262],function=[Cobalt-zinc-cadmium resistance protein CzcA]
"mgm4876246.3|NS500608:271:HWWK7AFXY:1:21107:9051:16496_1_126_+|Subsystems	186a79bc7fde52ba8d2c47cac0ba6c94	GTAAGGCTGGGGCCTCAGATGCGTCGTGGTGTGGCGGAGCTTGATGGCGAAGGCGAAGTGGTCGGCGGCATCGTCGTCATGCGATTTGGCGAGAATGCTCTATCGACTATCGAAGGGGTAAAG	accession=[SS03256]",function=[Cation efflux system protein CusA];accession=[SS03261],function=[Cobalt-zinc-cadmium resistance protein];accession=[SS03262],function=[Cobalt-zinc-cadmium resistance protein CzcA]
"mgm4876246.3|NS500608:271:HWWK7AFXY:1:11305:24295:9110_1_135_-|Subsystems	18fe97d0caa5a437f9676b6352f2a960	AACGGAATTGAGAAATGTGTTCAGGTTCGCGGACGAATGGAAATAATACAAACAAAAATTAATGGTTTTGTATTAATTGACTACGCTCATACACCCGATGCATATGAAAAGGTTCTAAGCACTATCAATGAG	accession=[SS08107]",function=[-diaminopimelate ligase (EC 6.3.2.13)],,
"mgm4876246.3|NS500608:271:HWWK7AFXY:1:21211:13788:8660_1_139_+|Subsystems	19c0760d7ce3047573936185bd4371d0	GAGCTGCATGCGGTCAGCCGTCGCAAGAACAAGCCCTTCATTGGCCTGAATTGCGCTGGATTGAACGAATCGCTGCTCGCAAGCCAGTTGTTCGGGCACAAGAGAGGCGCCTTCACCGGCGCAGTTTCGGATCAT	accession=[SS15500]",function=[Response regulator of zinc sigma-54-dependent two-component system],,
"mgm4876246.3|NS500608:271:HWWK7AFXY:1:11106:2575:5172_1_142_-|Subsystems	19c749d4c768f1dabaa2a95c6547e5fc	CTTCCTATTAAGCAATATGACGAGGGTAAAGCCGTATTTATGGCAACTTCTAATGGTACGGTTAAGCAGGTTGCTTTGACTGAGTTTCAAAGGCCACGTGCTAACGGGATCATTGCAATTGGACTTGATAAAGATGATAAA	accession=[SS11045]",function=[DNA gyrase subunit A (EC 5.99.1.3)],,
"mgm4876246.3|NS500608:271:HWWK7AFXY:1:11204:23581:6938_1_84_+|Subsystems	19c749d4c768f1dabaa2a95c6547e5fc	GACGAGCGCCGTACGGAAATTACCGCTTCCCAGCACGACCTCACCGTGGAAGACCTGATTACAGAGGAAGACCGGGTTTTA	accession=[SS11045]",function=[DNA gyrase subunit A (EC 5.99.1.3)],,
"mgm4876246.3|NS500608:271:HWWK7AFXY:1:21109:24982:1961_1_131_-|Subsystems	19db090a2da46a8041e1fe2e2daf4388	CGTAATCTATCCCGTACTCAGGATGAACTCATCCGATCGGAAAAACTCATCAGTCTTGGCAGGCTTTCCGCAGGGGTGGCGCATGAGATCCGGAATCCTCTGAATGCCATGAAAGGGGCCATTGTGTTC	accession=[SS15501]",function=[Sensor protein of zinc sigma-54-dependent two-component system],,
"mgm4876246.3|NS500608:271:HWWK7AFXY:1:11104:24452:3544_1_138_-|Subsystems	19dd199a86eb7e0ca1ead673d89fabc7	GGGGGGTCATTGTCGCTTTATGCGTGGCGCGCACCAAAAATTAAAAGTGCTGCACAATTTAAATTAATTTCCAGAGAGAGCGCCTTATTGCTAAACAACATCATTCTGGTTGTTGTTGCTGCATCGTTATTACTT	accession=[SS04011]",function=[Cytochrome c heme lyase subunit CcmF],,
"mgm4876246.3|NS500608:271:HWWK7AFXY:1:21309:1360:17342_1_122_+|Subsystems	19f5eae24fd54728d8757652fe3ebfda	TTCCTCAGTTATGCCATGAGTGTCATTGTTTCACGCGCCCTACCAGACGTTCGTGACGGGTTAAAACCGGTTCACAGACGGATTTTATATGGTATGGATGAACTAGGTGTATACCCAGAT	accession=[SS11045]",function=[DNA gyrase subunit A (EC 5.99.1.3)],,
"mgm4876246.3|NS500608:271:HWWK7AFXY:1:21305:10707:14009_1_114_+|Subsystems	1a33e623ba6e68b902028d23ab4de5d9	ATCGCGGCCGATGCCGAGAAGTACGGCGACGACCGGCGCTCGCCCATCGTCGAACGGGCGGCGGCCGAGGCGCTCGACGATACCGAACTCGCCCCGGCCGAGCCGGTTACG	accession=[SS11048]",function=[Topoisomerase IV subunit A (EC 5.99.1.-)],,
"mgm4876246.3|NS500608:271:HWWK7AFXY:1:11101:20649:4782_1_88_+|Subsystems	1a5e628b2eff810dbcd4554fb5d5a9a0	TACAATCAACCGCATGTGAAATCTGCGAGGTTTGTGGGTGAAACGATGGGAAAATATCATCCTCATGGAGATGCCGCCGTTTAT	accession=[SS11045]",function=[DNA gyrase subunit A (EC 5.99.1.3)],,
"mgm4876246.3|NS500608:271:HWWK7AFXY:1:11204:7832:17778_1_115_-|Subsystems	1a6e0e927bd80ec6a62c337ae748b0a5	ATCAAGGTGGACGACAATGGGCCGGGCATACCCGATGAAACAATGGCAAACATCTTCAAGCCGTTTTTCACCACAAAGATACAAGGTACGGGCCTTGGTTTGTCGATCTGTAGT	accession=[SS03077]",function=[Chemotaxis regulator - transmits chemoreceptor signals to flagelllar motor components CheY],,
"mgm4876246.3|NS500608:271:HWWK7AFXY:1:21202:13170:14953_1_86_+|Subsystems	1aa263588f362d4380b546296b6d306d	ACCATGGGCTGTGGCGGCGAGATCTTTGTGCTGGATATGGGGGAGCCTGTCAAGATCGTGGACCTGGCCAAAGAACTTATTACA	accession=[SS03094]",function=[UDP-N-acetylglucosamine],,
"mgm4876246.3|NS500608:271:HWWK7AFXY:1:11212:7724:19876_1_81_-|Subsystems	1ab06080141329b8ae3458d477ad0bdf	GATACCTTTCCCGGTCTTGGCAAGGAATTCATGCCACCTTTGGATGAAGGATCCTATCTACTCATGCCCACAACCATG	accession=[SS03256]",function=[Cation efflux system protein CusA];accession=[SS03261],function=[Cobalt-zinc-cadmium resistance protein];accession=[SS03262],function=[Cobalt-zinc-cadmium resistance protein CzcA]
"mgm4876246.3|NS500608:271:HWWK7AFXY:1:21107:9056:18348_1_125_+|Subsystems	1ab06080141329b8ae3458d477ad0bdf	CAGTGGGAGAGTCTGGAGAGGATTCTCGTCCCCACCGCCGGTGGCGCTCAGATCCCGCTCGGGCAGCTGGCGAGCATCAGGTACACACCAGGTCCCCAGGTGATCAAGAGCGAAGACACG	accession=[SS03256]",function=[Cation efflux system protein CusA];accession=[SS03261],function=[Cobalt-zinc-cadmium resistance protein];accession=[SS03262],function=[Cobalt-zinc-cadmium resistance protein CzcA]
"mgm4876246.3|NS500608:271:HWWK7AFXY:1:11111:6841:12917_1_104_+|Subsystems	1ad701d6b7a4b2ce89cac4eaf9ddce90	ATCACCATCCTTAGCAAGGAAGGTCTATATCGATATACAATTAAAATAGCTGACCGATATGCATCCAATATCCTGCGAGCCAATGCGTGGCATCATCGCAGT	accession=[SS03261]",function=[Cobalt-zinc-cadmium resistance protein],,
"mgm4876246.3|NS500608:271:HWWK7AFXY:1:11306:11113:8307_1_124_+|Subsystems	1ad943971df692bf6ff145464c5ca19b	GAACAAACTGACGCCATTTTGGAGTTAAAACTCTACCGCCTCGCCCGGCTGGAGATCCTCGTCATCCAGAAGGAGTTAAAGGAGAAAGCGCGGCGCGTCCGAGAAATCAACAAGCTGTTG	accession=[SS11048]",function=[Topoisomerase IV subunit A (EC 5.99.1.-)],,
"mgm4876246.3|NS500608:271:HWWK7AFXY:1:11309:10779:12255_1_131_+|Subsystems	1af4faa882e8b102b3645a31bbc2ed68	TGCCGCCTCAGTCATCGCGGTTCCCTCGCGTGGTTCATCCTGACGCGCCTGCTCGGCGAGTCGAACGTGCGGGTGTACGACGGTAGTTGGACGGAGTGGGGAAGCATCGTTGGCTTCCCCGTGAAC	accession=[SS01249]",function=[hodanese (EC 2.8.1.1)],,
"mgm4876246.3|NS500608:271:HWWK7AFXY:1:21308:6255:19091_1_117_+|Subsystems	1b5ca65b7ef8e5a5d5564c8b8da78e3c	GACGAGATCGAGGCCGGGGTTCGTCTGCCCACGGGCACCACCCGGGACCATGCGGCAAAGGTTGCGGCGGAGGTGACGGAAGCCACCTACCGCATGTTCGAGAAGCACGACCTG	accession=[SS08289]",function=[RND efflux syste];accession=[SS08273],function=[nner membrane transporter CmeB],
"mgm4876246.3|NS500608:271:HWWK7AFXY:1:21310:25949:9095_1_139_-|Subsystems	1b5ca65b7ef8e5a5d5564c8b8da78e3c	GTGGATGATGCCATTGTGGTGGGGGAGAACATCTATGAGTACCGCAAGCGAGGCATGGGCTTTCTGGATGCGGCCATCCAGGGGGCCAGGGATGTGGCCTTGCCCGTGACATTCAGTATCCTGACCAACATGGTG	accession=[SS08289]",function=[RND efflux syste];accession=[SS08273],function=[nner membrane transporter CmeB],
"mgm4876246.3|NS500608:271:HWWK7AFXY:1:11205:8152:9660_1_138_-|Subsystems	1b77a7b885aee03b57358e44bd57259f	AATGGGGTCTCTGAGGTCTCTTCGATCGGTGGATACGTCCAGGAATATCAGGTGGACGTGAAACCGGAAATGATGAGACAGTACGATATCGGTCTGGATGATGTCGTGCAGGCTGTAAGACAAAGCAATCTGGAT	accession=[SS03256]",function=[Cation efflux system protein CusA];accession=[SS03261],function=[Cobalt-zinc-cadmium resistance protein];accession=[SS03262],function=[Cobalt-zinc-cadmium resistance protein CzcA]
"mgm4876246.3|NS500608:271:HWWK7AFXY:1:21102:10445:8521_1_144_+|Subsystems	1b77a7b885aee03b57358e44bd57259f	GGGCTTCCCACCAAAACATTGAAAGACGGAACGGTTTCGCAGGTCAATATTGTCCCTTTTTATGACCGTACCCAGCTCATCAACGAGACCATCGGTACGCTAGAAGAAGCGCTCACGCTGGAAATCCTCATCACCATCATC	accession=[SS03256]",function=[Cation efflux system protein CusA];accession=[SS03261],function=[Cobalt-zinc-cadmium resistance protein];accession=[SS03262],function=[Cobalt-zinc-cadmium resistance protein CzcA]
"mgm4876246.3|NS500608:271:HWWK7AFXY:1:21112:20898:3911_1_139_-|Subsystems	1b77a7b885aee03b57358e44bd57259f	TATAATATTGGCTTAGATCAAGTTGTAAAAGCCGTAAAAGAAAGCAACAAAGATATTGGAGCCCAAACATTAGAAATAAATAAAGCCGAATACTTGGTACGTGGTTTGGGATATGTTAAGTCCATTCAGGACATAGAG	accession=[SS03256]",function=[Cation efflux system protein CusA];accession=[SS03261],function=[Cobalt-zinc-cadmium resistance protein];accession=[SS03262],function=[Cobalt-zinc-cadmium resistance protein CzcA]
"mgm4876246.3|NS500608:271:HWWK7AFXY:1:21109:19689:15627_1_133_+|Subsystems	1b8b972562e8ed6f42a26a61e68e7875	CCTGCACTGATCTATAGTGCTAGGGTTTTTTACGAATCTGCCTGGCATGCTCTTAAAGCCGGCAGAACTAACATGGACGTCCCAATCACAGTCGGAATAGCGTTAACCTGCCTGCTCGGTTTATATGAT	accession=[SS04009]",function=[Copper-translocating P-type ATPase (EC 3.6.3.4)];accession=[SS01687],function=[Copper-translocating P-type ATPase (EC 3.6.3.4)],
"mgm4876246.3|NS500608:271:HWWK7AFXY:1:21207:4980:19313_1_124_-|Subsystems	1b9ad396c689ef06136659062ccab40f	GCGGATATCATCGCAACCGAATATGGTTTCACTCGCGATGACGCCGATGCGCTCGCCATGGAAAGCCAGCGCCGCGCCAAGGCCGCGTGGGATGACAACCGGTTTGACAAATCCATCATC	accession=[SS08211]",function=[Acetyl-CoA acetyltransferase (EC 2.3.1.9)],,
"mgm4876246.3|NS500608:271:HWWK7AFXY:1:21111:21437:8384_1_82_-|Subsystems	1bc8efe873768b22a64d8949301586d7	AGTGAAAGCGAACACAACTACGATTCATCGAGTATCAAAGTCCTTAAAGGACTTGATGCCGTAAGAAAACGTCCTGGA	accession=[SS11046]",function=[DNA gyrase subunit B (EC 5.99.1.3)],,
"mgm4876246.3|NS500608:271:HWWK7AFXY:1:11306:18036:7181_1_133_+|Subsystems	1bffa804cf6006e7bfc7801f1ce17d8e	GTTGGCCAGGCGGTGGCCATTGTGATTGTGGTGCTGTTGCTGTTCATGGGCTTGCGCGTCGGTATTGTCATCGGCGCTGTCCTGCTTATTACGGTAGCTGGGACGCTTCTGGTGATGCGTTTCTATGGC	accession=[SS08277]",function=[Acriflavin resistance protein],,
"mgm4876246.3|NS500608:271:HWWK7AFXY:1:11311:10656:6201_1_141_+|Subsystems	1c00eb48345a55d1d8e74ed6fae337b8	TCTTTCAACAATCTCTCGCGTCTGGAAGATCCCGAATTCACGATCAAGGAAGCGCTGGTCATCACACCCTATCCCGGCGCAACGGCGACGGAAGTCGAGACGGAAGTCTCGGACAAGATCGAAAAGGCGGTCCAGCAA	accession=[SS03256]",function=[Cation efflux system protein CusA];accession=[SS03261],function=[Cobalt-zinc-cadmium resistance protein];accession=[SS03262],function=[Cobalt-zinc-cadmium resistance protein CzcA]
"mgm4876246.3|NS500608:271:HWWK7AFXY:1:11303:19670:7071_1_104_-|Subsystems	1c02fc0fc6ceeee6796873eec8ed1a68	GTTGCTACCGACGAAATTTTACGGGCCGTAACGGTTCTGGTAGTGGCCTGTCCCTGTGCCCTGGTCATTGCCACACCAACGGCCGTTGTCGCCGGCATTGGG	accession=[SS04009]",function=[Copper-translocating P-type ATPase (EC 3.6.3.4)];accession=[SS01687],function=[Copper-translocating P-type ATPase (EC 3.6.3.4)],
"mgm4876246.3|NS500608:271:HWWK7AFXY:1:21307:19517:19259_1_126_-|Subsystems	1c38fa6061355eb21e7f978f9e00482e	CTTGATCGCTCAGAGGGCGGCATAGATAGTGCCTTCTCATTAGAACCAGATGAGATGAAGCAATTGGTACTTGGGTCTGAGGTTGCCCATAAAGCTTTGGGAGAATTTCATATGGGCCTGTCA	accession=[SS12775]",function=[N-acetylneuraminate synthase (EC 2.5.1.56)],,
"mgm4876246.3|NS500608:271:HWWK7AFXY:1:11108:18758:17218_1_124_-|Subsystems	1c3c6d1e4779fea09eeceac148187fb4	AGTGAAAATGCTCGGCCTAATGGCTGGACATTTGTTGATATAAAAGGGCGTGACCTAGGTTCTTATGTTGAAGAAGCGCAGCGCGTTGTCAGTGAGCAGGTTAAACTTCCGGCAGGTTATTCC	accession=[SS03256]",function=[Cation efflux system protein CusA];accession=[SS03261],function=[Cobalt-zinc-cadmium resistance protein];accession=[SS03262],function=[Cobalt-zinc-cadmium resistance protein CzcA]
"mgm4876246.3|NS500608:271:HWWK7AFXY:1:11311:25789:15900_1_92_-|Subsystems	1c4b5dbbea22b393820ebaf904751dc7	CAGTTCTTCCCGAATTTCGCACTAGACTATATAAACGTTCGCGTCATCTGGCCCGGAGCCAGCGCCGAAGATGTCGAACGTTCCATT	accession=[SS08277]",function=[Acriflavin resistance protein],,
"mgm4876246.3|NS500608:271:HWWK7AFXY:1:21212:21395:13531_1_134_+|Subsystems	1c4b5dbbea22b393820ebaf904751dc7	ATGAATGTGACCATACTCTCGGTTTTCGGCATGTTCGGCTTATCGGGTATCGTGGTCAACGATTCGATCATCCTTGTCACCTTCTATCGCCACCTGAGGGAGCAGGGTATGGCCATCAATGCAGCGCTG	accession=[SS08277]",function=[Acriflavin resistance protein],,
"mgm4876246.3|NS500608:271:HWWK7AFXY:1:11111:7843:18846_1_141_+|Subsystems	1ca9bcbeaaea342ee5a8a174d1d136e1	CTGCGCTATGGCAAGATCTGTATACTGGCCGACGCCGATTCTGACGGTGCCCATATAGCCACTCTGCTGTGTGCCTTGTTCCTGAGGCATTTCCGACCCCTGGTTGAAGCCGGTCATGTCTATGTCGCCATGCCTCCG	accession=[SS11049]",function=[Topoisomerase IV subunit B (EC 5.99.1.-)],,
"mgm4876246.3|NS500608:271:HWWK7AFXY:1:11208:1249:5365_1_111_+|Subsystems	1ca9bcbeaaea342ee5a8a174d1d136e1	ACCAAGGAGCGTCTGTCTTCCCGCGAGTGCGCCGCGTTTGTATCCGGTGTCGTCAAGGACGCCTTTGGTCTTTGGCTCAATCATCACACCGAGATGGGCGAGCGTATT	accession=[SS11049]",function=[Topoisomerase IV subunit B (EC 5.99.1.-)],,
"mgm4876246.3|NS500608:271:HWWK7AFXY:1:21303:3135:16552_1_118_-|Subsystems	1caf7e718dfe5525d78cc63843985ff8	CTGCAGCGCGCCTGTGGAACCAGCATCGAGGCAGCGATCATGATCGCCAACAAGATTGCGCTGGGCCAGATCGAAGCCGGTATCGCCGGTGGTACCGATACGGTAAGTGATGCA	accession=[SS08211]",function=[Acetyl-CoA acetyltransferase (EC 2.3.1.9)],,
"mgm4876246.3|NS500608:271:HWWK7AFXY:1:21309:21550:13270_1_141_+|Subsystems	1cafda7023bbeec949a6843c8053ddd6	CTGAATATGGATGTGCCGATTTCGCTGGCCATCCTGCTGGCGGTCGGAATGTCGCTGTACGAAACCGCTCATTCAGGGGAACACGCTTATTTCGATGCCGCCGTATCGCTGACATTCTTCCTGTTGGCGGGGCGCTAT	accession=[SS04009]",function=[Copper-translocating P-type ATPase (EC 3.6.3.4)];accession=[SS01687],function=[Copper-translocating P-type ATPase (EC 3.6.3.4)],
"mgm4876246.3|NS500608:271:HWWK7AFXY:1:11304:20975:17597_1_104_-|Subsystems	1d2ecfb523d4a50719782f1e533130ac	GGTCATTATATTCCAGCGCCATTTCATGCATTGGGCCGGATGGAAATAGCGCAAATCAATATACCGGTAGCTATTCTGATCTGGTTAATGATCACCCCTATG	accession=[SS00854]",function=[Arsenical-resistance protein ACR3],,
"mgm4876246.3|NS500608:271:HWWK7AFXY:1:11211:5136:10063_1_130_-|Subsystems	1d6fce788969fc6316a871cf275412cc	CACAGACGCATCGGACTGGTCGTTGACGAGTACGGCGATATTCAGGGCCTGGCCACCCTGGAGGATATTCTCGAAGAAGTGGTTGGCGAGTTCACAACAGACCCGTCTTCCAGCATCAAAGATTAC	accession=[SS03992]",function=[Magnesium and cobalt efflux protein CorC],,
"mgm4876246.3|NS500608:271:HWWK7AFXY:1:11309:4937:19137_1_141_+|Subsystems	1d6fce788969fc6316a871cf275412cc	CTGGTGGTTGACGAATACGGCGATCTGCAGGGACTCGTCACTTTCGGCAATATCATCGAGCAGATTGTCGGCGAGTTCACCACGACGCCGACAGCATCCATCAGCGATGTCAACGAGCAGGCGGACGGCAGCGTTCTC	accession=[SS03992]",function=[Magnesium and cobalt efflux protein CorC],,
"mgm4876246.3|NS500608:271:HWWK7AFXY:1:11305:11751:15845_1_129_+|Subsystems	1d95cb6a050e5ec10118e812ddd500d3	GAAAAGGGCGCCTTCACGGGCGCAATTCGAAAGAAAATGGGGCGCTTCGAAATGGCCCGCGGAGGCACGATTTTTTTAGACGAAATCGGTACCGTGCCCGCCTCCACCCAGGTCAAGCTGCTGCAG	accession=[SS15500]",function=[Response regulator of zinc sigma-54-dependent two-component system],,
"mgm4876246.3|NS500608:271:HWWK7AFXY:1:21105:20613:11750_1_129_+|Subsystems	1ee3235334be93d39835adbf3127126a	CGGGCGGTGCTCGGCGGTGCCTCGGCGCGTCTACGACCGGTGCTGATGACCAGCATCTCGACCATCCTGGGGACGCTGCCCATTGCCCTGGCGCTGGGCGCGGGGTCGGAGAGCCGCATGCCGATG	accession=[SS08277]",function=[Acriflavin resistance protein],,
"mgm4876246.3|NS500608:271:HWWK7AFXY:1:21305:24755:7788_1_114_-|Subsystems	1efd399f28fc8c602b47367a74da123c	CTGGGTTTCGACACCCCTACGCGGCCCGAATCGAGCAGCGGGCGCTATTTCTCTGACCACACTGTGGGACACCTGGGATTTACGGGTACTTCTTTTTGGATGGATCTGGAG	accession=[SS01498]",function=[Beta-lactamase class C and other penicillin binding proteins];accession=[SS01494],function=[Beta-lactamase],
"mgm4876246.3|NS500608:271:HWWK7AFXY:1:11107:6668:9911_1_125_-|Subsystems	1f0654f6eda76c4b32d659d3cdafce3c	CGCGACACTGGTGGCAGCACGGCGGCCGCCCGTCGCACGCGCCGCAACATTATCCAGAACCTGGCCTGGGCGGCCGGCTACAATCTCATTGCCGTGCCGTTCGCGGCGGCTGGCTATATA	accession=[SS04009]",function=[Copper-translocating P-type ATPase (EC 3.6.3.4)];accession=[SS01687],function=[Copper-translocating P-type ATPase (EC 3.6.3.4)],
"mgm4876246.3|NS500608:271:HWWK7AFXY:1:11108:21312:4080_1_85_+|Subsystems	1f245ac5cb51b53731fe4361635b3f13	TTTACCCTGGAGGCACAGGAGGGCCGTCTGTTTGCCCCGCTTGCCTATACCAAGACCTTCGCCATGGCCGGTGCAGCCATC	accession=[SS03256]",function=[Cation efflux system protein CusA];accession=[SS03262],function=[Cobalt-zinc-cadmium resistance protein CzcA];accession=[SS03261],function=[Cobalt-zinc-cadmium resistance protein]
"mgm4876246.3|NS500608:271:HWWK7AFXY:1:11204:17430:11944_1_136_+|Subsystems	1f245ac5cb51b53731fe4361635b3f13	CAAACAGTGCGTGGCTACTCTTTCTTCGGCTTCTCGATGGTCTACATCATCTTTGAAGACGGCACCGATTTGTACTGGGCAAGAAGCCGCGTACTCGAATATCTGAGCAGTATGCAGGGCCGCCTCCCTGAG	accession=[SS03256]",function=[Cation efflux system protein CusA];accession=[SS03262],function=[Cobalt-zinc-cadmium resistance protein CzcA];accession=[SS03261],function=[Cobalt-zinc-cadmium resistance protein]
"mgm4876246.3|NS500608:271:HWWK7AFXY:1:11302:8438:3358_1_115_-|Subsystems	1f2625743e2369370c250f438e47e8de	ATTCCCACATCTTCAATGGAAAAGACATTACTTGTAGGTGATTTTCTTCTGGTTAACAAATTTGTTTATGGGATGCAGACACCAGATTGGGTTGGAATTCCATATACTGAA	accession=[SS12797]",function=[Signal peptidase I],,
"mgm4876246.3|NS500608:271:HWWK7AFXY:1:11111:9733:4783_1_132_-|Subsystems	1f430247917c1cd46158cc4a4bc07a69	CTCAACTCGGGCGCGGCTCTTGCGACCGTAGTCGGCGTCTTGGTGGAAGTGCCTGTGATGCTGTCGCTGTGCGCTTTTGCCACCGAACGCGGGGGTGGTTTGGTGACGCGGCAGGCCATGACCCTG	accession=[SS00854]",function=[Arsenical-resistance protein ACR3],,
"mgm4876246.3|NS500608:271:HWWK7AFXY:1:21107:9051:16496_1_126_+|Subsystems	1fe467c81e45f2e3e8bcfcb7c8bb84a1	GTAAGGCTGGGGCCTCAGATGCGTCGTGGTGTGGCGGAGCTTGATGGCGAAGGCGAAGTGGTCGGCGGCATCGTCGTCATGCGATTTGGCGAGAATGCTCTATCGACTATCGAAGGGGTAAAG	accession=[SS03256]",function=[Cation efflux system protein CusA];accession=[SS03261],function=[Cobalt-zinc-cadmium resistance protein];accession=[SS03262],function=[Cobalt-zinc-cadmium resistance protein CzcA]
"mgm4876246.3|NS500608:271:HWWK7AFXY:1:11211:12502:4893_1_103_+|Subsystems	2026f73e5398dcdfa0a52fefaf46eb48	CACGAAGTGATGGCGGGTGTGCTAAAAAAAGGTGGAATTGACGCACAGGAGATCGCTGCGATTGGGATCACCAACCAACGTGAGACAGTTGTTGTTTGG	accession=[SS08213]",function=[Glycerol kinase (EC 2.7.1.30)],,
"mgm4876246.3|NS500608:271:HWWK7AFXY:1:11209:13022:3080_1_128_+|Subsystems	202c6a000286940fbf526f09e3baa8ae	GCAATGGGAATGGCCACAATGTGGGAAGCCGTCTTCGCGGATATGGGTACGGCTCTGGTAGCAGTTGCAAATTCCACAAGAATATTCGGTAAAAATAAAGATTCCTTCAGAGATGCCGATAACAAA	accession=[SS04009]",function=[Copper-translocating P-type ATPase (EC 3.6.3.4)];accession=[SS01687],function=[Copper-translocating P-type ATPase (EC 3.6.3.4)],
"mgm4876246.3|NS500608:271:HWWK7AFXY:1:11308:3811:1916_1_90_-|Subsystems	202c6a000286940fbf526f09e3baa8ae	AATATTATTCTGGCATTTGTCGTCAAAGGCATTTTCATCCTATTTGGTGCGATGGGATTGGCCACGATGTGGGAAGCGGTATTTGCG	accession=[SS04009]",function=[Copper-translocating P-type ATPase (EC 3.6.3.4)];accession=[SS01687],function=[Copper-translocating P-type ATPase (EC 3.6.3.4)],
"mgm4876246.3|NS500608:271:HWWK7AFXY:1:21309:9654:18226_1_122_-|Subsystems	2086ad200e49946b4674fa810531704d	TATGTGTCGATGCGTTTCTTGCGGCAAAGTCTGGTTGGGGTTTTTCTGGCGTCTCTGACGCTGGGTCTGCTGATCTATGCCGTCAGTCTCGTGATGTCCGCCGTCCAGACCCGGATGAGC	accession=[SS08280]",function=[Membrane fusion protein of RND family multidrug efflux pump],,
"mgm4876246.3|NS500608:271:HWWK7AFXY:1:11306:8248:1099_1_109_-|Subsystems	2087267512e9fd8d4c6514d45fdfdd37	TTTGAAGCGGACCTCATATTCTCGAAACTCATGGGCGATAAAGTCGAACCCCGCCGGGAATTTATCGAAGCCAATGCAAAATATGAAGAAATCTTGATATTTAAG	accession=[SS11046]",function=[DNA gyrase subunit B (EC 5.99.1.3)],,
"mgm4876246.3|NS500608:271:HWWK7AFXY:1:11111:10842:3794_1_137_-|Subsystems	20d2a795ce77349897eb82fa7b3bc0ca	GTGGCAGTGCGCGCTCTGCGCGGTGTCAGCCTGAGGGTAGCGGCGGGAGGATTCCTGGCGATCATGGGTTCGTCGGGTTCGGGCAAATCGACGCTGATGAACTTGTTGGGCTGCCTGGACCAGGCGCAACAG	accession=[SS08278]",function=[Macrolide export ATP-binding/permease protein MacB (EC 3.6.3.-)],,
"mgm4876246.3|NS500608:271:HWWK7AFXY:1:11208:6968:16109_1_112_-|Subsystems	21460aebdf55f6d227f26866a2dee5b8	TGGGATGAACAGACCCGGGGGTGGTTCACCGGTGATACCTTCGGGCTGTCCTATCGCAGCCTGGATTCAGAAAAAGGCGCCTTCGTCTTTCCCACAACCACGCCCATC	accession=[SS01494]",function=[Beta-lactamase],,
"mgm4876246.3|NS500608:271:HWWK7AFXY:1:11212:13203:18969_1_86_+|Subsystems	2155eab15c9da3c0610f02503b266338	TCCATGGCCCCCCACGTTGCGCATCTGCGCGCGGGGCAGAAGATGGGTGACCTGAAGTTCGTCGACTCGATGATCAAGGATGGC	accession=[SS08211]",function=[Acetyl-CoA acetyltransferase (EC 2.3.1.9)],,
"mgm4876246.3|NS500608:271:HWWK7AFXY:1:11206:9361:4303_1_106_-|Subsystems	21b84f4bf23f82c892d79167d2cefcf9	CCCGGACTGGCTGCTGAAGACGTAGAGCAACTGCTGACATTCCCCATCGAGTCAGGAATGGCTGGGCTTCCCGGTGTGGAAGAAATCCGTTCGGTCAGTCTG	accession=[SS03256]",function=[Cation efflux system protein CusA];accession=[SS03261],function=[Cobalt-zinc-cadmium resistance protein];accession=[SS03262],function=[Cobalt-zinc-cadmium resistance protein CzcA]
Download complete. 202 rows retrieved,,,
